顧客ID,氏名,ひらがな,生年月日,性別,都道府県
C00000001,伊波 正巳,いは まさみ,2003-09-04,男,東京都
C00000002,細貝 園子,ほそがい そのこ,1993-06-08,女,新潟県
C00000003,大畑 正紀,おおはた まさのり,2003-06-19,男,愛媛県
C00000004,青木 勇気,あおき ゆうき,1978-12-17,男,大阪府
C00000005,鵜飼 克己,うかい かつみ,2002-03-01,男,埼玉県
C00000006,加来 恵子,かく けいこ,2007-05-13,女,大阪府
C00000007,浅岡 邦明,あさおか くにあき,1994-02-16,男,愛知県
C00000008,井上 正樹,いのうえ まさき,2007-08-20,男,広島県
C00000009,糸魚川 恵美子,いといがわ えみこ,1977-02-27,女,兵庫県
C00000010,三宮 道子,さんのみや みちこ,1997-10-18,女,東京都
C00000011,佐藤 裕子,さとう ゆうこ,1989-07-27,女,奈良県
C00000012,加山 麻衣,かやま まい,1994-01-23,女,東京都
C00000013,後藤 宏昭,ごとう ひろあき,1977-05-14,男,福岡県
C00000014,山本 佑季子,やまもと ゆきこ,1983-07-06,女,福井県
C00000015,小山田 尚史,おやまだ たかし,1990-05-08,男,茨城県
C00000016,角田 英明,つのだ ひであき,1999-08-07,男,東京都
C00000017,柳田 賢志,やなぎだ けんじ,1977-04-18,男,熊本県
C00000018,見田 拓実,みた たくみ,1978-03-29,男,兵庫県
C00000019,稲本 真司,いなもと しんじ,1986-06-12,男,東京都
C00000020,佐藤 智矢,さとう ともや,1996-05-16,男,東京都
C00000021,村田 正也,むらた まさや,1987-02-11,男,北海道
C00000022,細谷 明,ほそや あきら,1999-09-18,男,岐阜県
C00000023,笹谷 有紀子,ささや ゆきこ,1978-12-20,女,北海道
C00000024,大野 雅敏,おおの まさとし,1977-11-18,男,大阪府
C00000025,古賀 雄大,こが たけひろ,2002-02-09,男,北海道
C00000026,原 亜美,はら あみ,1980-07-02,女,千葉県
C00000027,大橋 大作,おおはし だいさく,1993-10-25,男,大阪府
C00000028,齋藤 なつき,さいとう なつき,1975-06-02,女,東京都
C00000029,濱田 雅史,はまだ まさし,1994-04-24,男,福岡県
C00000030,二口 亜希子,ふたくち あきこ,1976-12-29,女,東京都
C00000031,木澤 幸弘,きざわ ゆきひろ,1975-04-13,男,大阪府
C00000032,田中 友香,たなか ゆか,1993-01-19,女,千葉県
C00000033,星野 俊行,ほしの としゆき,2001-09-05,男,大阪府
C00000034,山口 直子,やまぐち なおこ,1982-03-01,女,神奈川県
C00000035,横田 良子,よこた よしこ,2002-08-27,女,福岡県
C00000036,菅原 由佳,すがわら ゆか,1981-06-17,女,東京都
C00000037,市村 富美子,いちむら ふみこ,2006-06-15,女,東京都
C00000038,池田 亘,いけだ わたる,1980-07-16,男,大分県
C00000039,井上 さやか,いのうえ さやか,1973-03-04,女,東京都
C00000040,井上 聡,いのうえ あきら,1982-03-17,男,神奈川県
C00000041,具志堅 美果,ぐしけん みか,1994-08-27,女,東京都
C00000042,徳元 昭男,とくもと あきお,1988-04-07,男,東京都
C00000043,藤野 則子,ふじの のりこ,1988-08-03,女,大阪府
C00000044,上野 希,うえの のぞみ,2007-09-08,女,東京都
C00000045,藤田 麻衣子,ふじた まいこ,1994-10-31,女,東京都
C00000046,鎌田 耕介,かまた こうすけ,2004-06-27,男,大阪府
C00000047,富田 夢,とみた む,1989-07-06,女,神奈川県
C00000048,大和田 瑠里,おおわだ るり,1989-01-30,女,東京都
C00000049,渡邉 美佐子,わたなべ みさこ,1993-05-21,女,北海道
C00000050,立川 圭輔,たちかわ けいすけ,1983-04-02,男,東京都
C00000051,今井 文彦,いまい ふみひこ,1977-10-26,男,静岡県
C00000052,安井 幸代,やすい ゆきよ,1998-01-15,女,広島県
C00000053,朝日 剛志,あさひ つよし,2000-03-19,男,北海道
C00000054,高橋 亮太,たかはし りょうた,1999-06-13,男,徳島県
C00000055,薬師寺 拓,やくしじ たく,2007-10-02,男,東京都
C00000056,千葉 メグミ,ちば めぐみ,2005-04-14,女,東京都
C00000057,坂尾 真麻,さかお まあさ,2007-03-09,女,愛知県
C00000058,松村 英明,まつむら ひであき,1991-01-06,男,埼玉県
C00000059,金子 亜美,かねこ あみ,2000-04-24,女,東京都
C00000060,大久保 レナ,おおくぼ れな,1990-02-24,女,神奈川県
C00000061,田中 ゆき,たなか ゆき,1983-09-13,女,千葉県
C00000062,菅沼 陽介,すがぬま ようすけ,2006-08-17,男,大阪府
C00000063,花谷 愛,はなたに あい,2000-12-05,女,北海道
C00000064,杉 邦雄,すぎ くにお,2006-04-28,男,神奈川県
C00000065,三澤 博樹,みさわ ひろき,1998-11-26,男,北海道
C00000066,山端 素子,やまはた もとこ,1988-11-11,女,岐阜県
C00000067,飯島 伸彦,いいじま のぶひこ,1999-03-29,男,宮城県
C00000068,廣田 由希子,ひろた ゆきこ,1996-01-09,女,佐賀県
C00000069,三澤 ユカ,みさわ ゆか,1986-01-19,女,大阪府
C00000070,朝倉 健,あさくら けん,1987-03-19,男,東京都
C00000071,杉本 加奈,すぎもと かな,1978-07-07,女,大阪府
C00000072,池田 誠一郎,いけだ せいいちろう,1998-11-15,男,東京都
C00000073,山本 久恵,やまもと ひさえ,1984-11-30,女,静岡県
C00000074,池間 聡,いけま あきら,1976-09-25,男,東京都
C00000075,長谷川 巧,はせがわ たくみ,2001-04-19,男,東京都
C00000076,三輪 健治,みわ けんじ,1977-08-13,男,東京都
C00000077,安永 実穂,やすなが みほ,2001-05-03,女,岐阜県
C00000078,栃木 亜沙美,とちぎ あさみ,1983-06-12,女,東京都
C00000079,斧田 茂男,おのだ しげお,1985-08-20,男,宮城県
C00000080,藤井 政治,ふじい せいじ,1989-12-02,男,福岡県
C00000081,三澤 瑠美,みさわ るみ,2007-09-13,女,愛知県
C00000082,高安 裕史,たかやす ひろふみ,2001-12-25,男,埼玉県
C00000083,庵下 慎悟,あんした しんご,1998-08-19,男,埼玉県
C00000084,作田 綾花,さくた あやか,1990-07-07,女,愛知県
C00000085,大塚 有,おおつか ゆう,1987-09-27,男,大阪府
C00000086,木村 香菜,きむら かな,1993-08-31,女,神奈川県
C00000087,芦野 夕子,あしの ゆうこ,2005-09-01,女,神奈川県
C00000088,中津 哲,なかつ さとし,1998-07-01,男,東京都
C00000089,曽我 沙織,そが さおり,1981-11-20,女,東京都
C00000090,坂井 清人,さかい きよと,1982-10-23,男,山梨県
C00000091,津村 有希,つむら ゆき,1985-06-23,女,東京都
C00000092,増渕 洋子,ますぶち ようこ,2007-10-10,女,神奈川県
C00000093,吉田 隆則,よしだ たかのり,2004-08-20,男,北海道
C00000094,鈴木 真理子,すずき まりこ,2001-08-18,女,愛知県
C00000095,青山 秀明,あおやま ひであき,1982-08-25,男,大阪府
C00000096,松本 なつき,まつもと なつき,1973-09-23,女,東京都
C00000097,砂原 慶子,すなはら けいこ,2005-04-06,女,東京都
C00000098,植木 充,うえき みつる,1973-12-10,男,東京都
C00000099,堀口 亮子,ほりぐち りょうこ,1989-12-27,女,東京都
C00000100,金 千恵,きむ ちえ,2001-07-05,女,東京都
C00000101,河村 敬太,かわむら けいた,1999-04-14,男,兵庫県
C00000102,竹本 雄介,たけもと ゆうすけ,1975-11-19,男,東京都
C00000103,新谷 研吾,しんたに けんご,2004-10-20,男,石川県
C00000104,梶 智子,かじ ともこ,1993-02-07,女,埼玉県
C00000105,木村 美樹,きむら みき,1977-11-08,女,大阪府
C00000106,三井田 善一,みいだ よしかず,1989-10-29,男,大阪府
C00000107,小松 翼,こまつ つばさ,1980-01-24,男,福岡県
C00000108,伊藤 陽,いとう あきら,1986-11-04,男,大阪府
C00000109,山本 英幸,やまもと ひでゆき,1999-04-08,男,神奈川県
C00000110,栗山 大地,くりやま だいち,1984-09-08,男,東京都
C00000111,稲葉 良太,いなば りょうた,2000-08-04,男,北海道
C00000112,小川 幸枝,おがわ ゆきえ,1991-06-13,女,神奈川県
C00000113,蜂谷 康,はちや やすし,2000-10-16,男,東京都
C00000114,田中 麻美,たなか あさみ,2001-10-16,女,東京都
C00000115,山本 祐子,やまもと ゆうこ,1985-01-27,女,千葉県
C00000116,鈴木 和之,すずき かずゆき,2001-02-13,男,熊本県
C00000117,友松 芳恵,ともまつ よしえ,2003-03-08,女,埼玉県
C00000118,鎌田 麻子,かまた あさこ,1998-09-29,女,福岡県
C00000119,坂口 典子,さかぐち のりこ,1994-01-09,女,東京都
C00000120,近藤 憲明,こんどう のりあき,2002-12-05,男,神奈川県
C00000121,杉山 剛一,すぎやま こういち,1999-05-01,男,千葉県
C00000122,中村 雪絵,なかむら ゆきえ,1999-12-22,女,宮城県
C00000123,細田 秀紀,ほそだ ひでき,2006-11-07,男,愛媛県
C00000124,井上 隆之,いのうえ たかゆき,1993-01-23,男,鹿児島県
C00000125,山下 拓巳,やました たくみ,1989-12-18,男,広島県
C00000126,筒井 香織,つつい かおり,2001-11-11,女,岡山県
C00000127,上野 佳美,うえの よしみ,1990-03-01,女,大阪府
C00000128,羽賀 健,はが けん,1973-04-05,男,東京都
C00000129,藤田 千菜美,ふじた ちなみ,1973-04-01,女,宮城県
C00000130,中嶋 裕介,なかじま ゆうすけ,1995-05-17,男,東京都
C00000131,松本 圭,まつもと けい,1998-05-03,女,神奈川県
C00000132,前野 健志,まえの けんじ,1975-02-21,男,埼玉県
C00000133,中安 英子,なかやす ひでこ,1985-12-26,女,宮城県
C00000134,藤代 洋,ふじしろ ひろし,1996-10-21,男,愛知県
C00000135,飯田 敦子,いいだ あつこ,1984-04-24,女,広島県
C00000136,清水 勝彦,しみず かつひこ,2000-05-02,男,北海道
C00000137,吉永 恵美,よしなが えみ,1975-03-20,女,東京都
C00000138,狭間 祥代,はざま さちよ,2005-09-20,女,広島県
C00000139,高崎 美幸,たかさき みゆき,1977-02-22,女,兵庫県
C00000140,白岩 聡,しらいわ あきら,1998-12-20,男,福岡県
C00000141,篠原 和裕,しのはら かずひろ,1975-04-07,男,東京都
C00000142,新井 俊一,あらい しゅんいち,1988-12-11,男,京都府
C00000143,鳥海 まこ,とりうみ まこ,1973-01-22,女,熊本県
C00000144,藤井 健一,ふじい けんいち,2004-05-12,男,東京都
C00000145,米本 美菜,よねもと みな,2002-12-27,女,東京都
C00000146,小林 直子,こばやし なおこ,1998-02-07,女,千葉県
C00000147,丸茂 俊一,まるも しゅんいち,1997-01-27,男,千葉県
C00000148,中島 大輔,なかじま だいすけ,1978-07-07,男,東京都
C00000149,星川 耕平,ほしかわ こうへい,1974-02-03,男,東京都
C00000150,綾部 龍一,あやべ りゅういち,1975-07-16,男,兵庫県
C00000151,矢内 舞美,やない まいみ,1981-02-01,女,神奈川県
C00000152,木下 久美子,きのした くみこ,1995-11-10,女,東京都
C00000153,松本 哲,まつもと さとし,1974-09-11,男,埼玉県
C00000154,松田 良子,まつだ よしこ,2000-10-14,女,東京都
C00000155,照井 美幸,てるい みゆき,1984-06-01,女,北海道
C00000156,持木 美孝,もちき よしたか,1976-02-10,男,愛知県
C00000157,大野 崇史,おおの たかし,1977-05-05,男,東京都
C00000158,宮下 一喜,みやした かずき,1971-10-28,男,鹿児島県
C00000159,堀 智子,ほり ともこ,1996-03-03,女,神奈川県
C00000160,古川 聖子,ふるかわ せいこ,1975-06-16,女,東京都
C00000161,伊藤 祐介,いとう ゆうすけ,1984-02-01,男,岐阜県
C00000162,中川 信之,なかがわ のぶゆき,1988-04-07,男,福岡県
C00000163,丸橋 麻依子,まるはし まいこ,2003-05-04,女,岡山県
C00000164,増尾 学,ますお まなぶ,1995-10-13,男,大阪府
C00000165,沢村 匠,さわむら たくみ,1994-07-12,男,東京都
C00000166,佐々木 史子,ささき ふみこ,1992-12-31,女,東京都
C00000167,工藤 栄美子,くどう えみこ,1999-02-27,女,東京都
C00000168,木下 綾,きのした あや,1991-11-09,女,北海道
C00000169,金 和恵,きむ かずえ,1999-08-18,女,愛知県
C00000170,細井 瞳,ほそい ひとみ,1997-04-14,女,福岡県
C00000171,伊藤 幸志,いとう こうじ,1979-08-28,男,埼玉県
C00000172,本庄 雄作,ほんじょう ゆうさく,1972-08-08,男,東京都
C00000173,松本 薫,まつもと かおる,1976-07-30,女,新潟県
C00000174,吉井 美子,よしい よしこ,2001-09-23,女,静岡県
C00000175,筒井 拓弥,つつい たくや,2007-06-14,男,大阪府
C00000176,佐藤 崇,さとう たかし,1979-08-30,男,東京都
C00000177,福井 哲也,ふくい てつや,1997-12-05,男,東京都
C00000178,林 詩織,はやし しおり,1992-12-25,女,神奈川県
C00000179,鎗田 朋,やりた とも,1997-07-01,女,大阪府
C00000180,谷岡 絵美,たにおか えみ,1983-10-28,女,東京都
C00000181,佐々木 礼子,ささき れいこ,1976-03-03,女,東京都
C00000182,和田 孝,わだ たかし,1994-07-20,男,北海道
C00000183,中澤 舞,なかざわ まい,1980-01-04,女,北海道
C00000184,工藤 和宏,くどう かずひろ,1975-12-01,男,神奈川県
C00000185,宮城 謙治,みやぎ けんじ,1981-02-26,男,新潟県
C00000186,池田 幸一郎,いけだ こういちろう,1974-06-23,男,北海道
C00000187,星 陽一,ほし よういち,2005-09-15,男,愛知県
C00000188,田村 真沙美,たむら まさみ,1986-11-28,女,東京都
C00000189,楢原 容子,ならはら ひろこ,2006-08-28,女,東京都
C00000190,仲里 慎一郎,なかざと しんいちろう,1987-02-28,男,愛知県
C00000191,金子 八千代,かねこ やちよ,1988-03-17,女,北海道
C00000192,山田 千佳子,やまだ ちかこ,1982-03-11,女,北海道
C00000193,前田 菜津美,まえだ なつみ,2007-06-22,女,東京都
C00000194,石原 千里,いしはら ちさと,1994-05-23,女,福岡県
C00000195,高橋 靖浩,たかはし やすひろ,1993-11-25,男,東京都
C00000196,田中 美紀,たなか みき,1978-05-09,女,東京都
C00000197,高田 良子,たかだ よしこ,1996-09-28,女,東京都
C00000198,鶴田 裕介,つるた ゆうすけ,1996-04-02,男,千葉県
C00000199,池田 剛,いけだ つよし,1981-02-17,男,熊本県
C00000200,黛 裕之,まゆずみ ひろゆき,1978-07-02,男,愛知県
C00000201,伊藤 史子,いとう ふみこ,1992-02-01,女,東京都
C00000202,本郷 綾子,ほんごう あやこ,1985-06-24,女,大阪府
C00000203,関 美奈子,せき みなこ,1990-07-16,女,神奈川県
C00000204,坂口 耕治,さかぐち こうじ,1976-01-25,男,東京都
C00000205,山崎 耕平,やまざき こうへい,2005-07-03,男,大阪府
C00000206,乾 智也,いぬい ともや,1985-04-21,男,愛知県
C00000207,片山 一明,かたやま かずあき,1979-02-10,男,愛知県
C00000208,稲田 和昌,いなだ かずまさ,1984-07-08,男,宮城県
C00000209,村松 卓也,むらまつ たくや,1990-09-17,男,東京都
C00000210,高森 理紗,たかもり ありさ,1985-11-16,女,千葉県
C00000211,濱田 めぐみ,はまだ めぐみ,1987-05-16,女,大分県
C00000212,鈴木 友希,すずき ゆき,1977-07-03,女,東京都
C00000213,丹野 雄基,たんの ゆうき,2002-06-16,男,東京都
C00000214,本宮 裕美,もとみや ゆみ,1982-01-27,女,大阪府
C00000215,酒井 義貴,さかい よしたか,2002-08-02,男,東京都
C00000216,安達 晴美,あだち はるみ,2005-06-21,女,東京都
C00000217,新井 隆之,あらい たかゆき,1988-03-03,男,東京都
C00000218,倉田 絵里奈,くらた えりな,2000-07-02,女,大阪府
C00000219,龍田 由美,たつた ゆみ,2000-05-29,女,山形県
C00000220,田中 友紀,たなか ともき,2002-07-05,女,東京都
C00000221,武山 正和,たけやま まさかず,2005-10-27,男,東京都
C00000222,十亀 晶子,そがめ しょうこ,2005-12-23,女,兵庫県
C00000223,滝澤 啓子,たきざわ けいこ,1973-11-30,女,東京都
C00000224,佐藤 貴昭,さとう たかあき,1987-09-02,男,東京都
C00000225,大畑 敏秀,おおはた としひで,1994-03-28,男,愛知県
C00000226,倉林 久美,くらばやし くみ,2002-05-29,女,神奈川県
C00000227,大野 司,おおの つかさ,1990-12-14,女,大阪府
C00000228,中西 伸,なかにし しん,1991-05-30,男,滋賀県
C00000229,岩崎 幸治,いわさき こうじ,1991-04-11,男,兵庫県
C00000230,小澤 真,おざわ まこと,2007-02-04,男,神奈川県
C00000231,菅原 一仁,すがわら かずひと,1974-08-24,男,大阪府
C00000232,和田 絵里,わだ えり,2005-08-20,女,神奈川県
C00000233,小野 香織,おの かおり,1999-01-16,女,埼玉県
C00000234,石川 祐一,いしかわ ゆういち,1998-09-13,男,愛媛県
C00000235,坂本 賢一,さかもと けんいち,2003-02-24,男,広島県
C00000236,立山 麻美子,たてやま まみこ,2004-11-23,女,大阪府
C00000237,井上 麻美,いのうえ あさみ,2003-10-02,女,千葉県
C00000238,猪熊 太郎,いのくま たろう,1984-10-17,男,東京都
C00000239,奥 直幸,おく なおゆき,1976-04-27,男,北海道
C00000240,和泉 伸之,いずみ のぶゆき,2001-05-17,男,東京都
C00000241,溝口 政志,みぞぐち まさゆき,1974-10-24,男,東京都
C00000242,高橋 英一,たかはし えいいち,1984-01-01,男,埼玉県
C00000243,池上 誠,いけがみ まこと,2003-10-15,男,三重県
C00000244,斎藤 潤,さいとう じゆん,1983-01-20,男,兵庫県
C00000245,木村 孝幸,きむら たかゆき,1979-01-18,男,大阪府
C00000246,河合 美佳,かわい みか,1982-09-18,女,広島県
C00000247,田中 秀弘,たなか ひでひろ,1977-03-30,男,東京都
C00000248,安井 靖,やすい やすし,1985-04-12,男,福岡県
C00000249,田中 万理,たなか まり,1973-12-20,女,東京都
C00000250,田中 美和子,たなか みわこ,2000-06-07,女,東京都
C00000251,田尾 健太,たお けんた,2003-07-31,男,東京都
C00000252,西川 真奈美,にしかわ まなみ,1986-07-25,女,東京都
C00000253,山川 恭子,やまかわ きょうこ,1981-12-31,女,東京都
C00000254,田辺 勝利,たなべ かつとし,1976-06-17,男,神奈川県
C00000255,田中 園子,たなか そのこ,1978-06-21,女,大阪府
C00000256,小林 嘉之,こばやし よしゆき,1998-08-01,男,北海道
C00000257,鷺 さち子,さぎ さちこ,1981-03-13,女,神奈川県
C00000258,原田 裕喜,はらだ ゆうき,1976-07-23,男,山形県
C00000259,瀬戸 航太,せと こうた,1996-06-02,男,静岡県
C00000260,柴田 貴子,しばた たかこ,1994-03-07,女,東京都
C00000261,門倉 正典,かどくら まさのり,2001-07-09,男,千葉県
C00000262,山田 礼子,やまだ れいこ,1992-10-28,女,大阪府
C00000263,小松 隆史,こまつ たかし,1991-11-04,男,東京都
C00000264,衣川 康伸,きぬがわ やすのぶ,1976-08-03,男,東京都
C00000265,猪瀬 一夫,いのせ かずお,1972-10-20,男,千葉県
C00000266,山本 由佳,やまもと ゆか,2006-03-09,女,東京都
C00000267,駒形 嘉信,こまがた よしのぶ,2002-12-16,男,兵庫県
C00000268,椎葉 大介,しいば だいすけ,1981-10-12,男,東京都
C00000269,小野寺 隆之,おのでら たかゆき,2001-03-15,男,埼玉県
C00000270,中村 淳一,なかむら じゅんいち,1976-09-12,男,東京都
C00000271,藤田 宏明,ふじた ひろあき,1997-06-11,男,東京都
C00000272,松岡 健一,まつおか けんいち,1979-06-04,男,東京都
C00000273,仲田 貴美子,なかた きみこ,1975-04-01,女,東京都
C00000274,江本 大樹,えもと たいき,1998-05-28,男,福岡県
C00000275,佐々木 秀明,ささき ひであき,1996-10-11,男,東京都
C00000276,坂口 正隆,さかぐち まさたか,1999-05-30,男,熊本県
C00000277,岸川 直紀,きしかわ なおき,2000-07-26,男,東京都
C00000278,田部井 明奈,たべい あきな,1998-12-07,女,青森県
C00000279,佐古田 佳奈,さこだ かな,1978-04-13,女,神奈川県
C00000280,林 和明,はやし かずあき,1994-04-02,男,東京都
C00000281,本間 由香,ほんま ゆか,2004-01-07,女,大阪府
C00000282,趙 真澄,ちょう ますみ,1995-08-23,女,福岡県
C00000283,工藤 しのぶ,くどう しのぶ,1995-09-03,女,福岡県
C00000284,山田 保雄,やまだ やすお,1988-04-04,男,茨城県
C00000285,相澤 毅彦,あいざわ たけひこ,1997-10-25,男,神奈川県
C00000286,山田 真紗子,やまだ まさこ,1993-04-29,女,東京都
C00000287,青柳 寛朗,あおやぎ ひろあき,1994-06-14,男,東京都
C00000288,永井 秀樹,ながい ひでき,1992-05-19,男,大阪府
C00000289,古川 光明,ふるかわ てるあき,1977-01-15,男,東京都
C00000290,伊東 祐三,いとう ゆうぞう,1972-11-27,男,神奈川県
C00000291,浜田 俊介,はまだ しゅんすけ,2005-12-08,男,東京都
C00000292,清水 愛,しみず あい,1996-01-23,女,東京都
C00000293,今井 綾子,いまい あやこ,1987-08-25,女,東京都
C00000294,森根 真理子,もりね まりこ,1987-03-05,女,茨城県
C00000295,小澤 仁,おざわ ひとし,2003-03-09,男,東京都
C00000296,今村 哲平,いまむら てっぺい,1989-06-05,男,北海道
C00000297,清水 瞬,しみず しゅん,1995-07-11,男,東京都
C00000298,大森 真梨,おおもり まり,1992-05-10,女,北海道
C00000299,小宮山 桃,こみやま もも,1981-01-02,女,東京都
C00000300,鈴木 香織,すずき かおり,1983-05-31,女,神奈川県
C00000301,谷川 瑠美子,たにがわ るみこ,1983-09-07,女,埼玉県
C00000302,田中 修,たなか おさむ,1975-12-26,男,神奈川県
C00000303,高倉 春奈,たかくら はるな,2005-04-12,女,東京都
C00000304,大島 康夫,おおしま やすお,2005-01-11,男,熊本県
C00000305,堀江 桃香,ほりえ ももか,2005-01-16,女,滋賀県
C00000306,小村 健一,こむら けんいち,1983-12-25,男,愛知県
C00000307,中本 絢香,なかもと あやか,1991-03-26,女,北海道
C00000308,塚田 尚樹,つかだ なおき,1994-02-17,男,奈良県
C00000309,明 智子,あきら ともこ,1982-01-26,女,福岡県
C00000310,小畑 実千代,おばた みちよ,1986-03-27,女,大阪府
C00000311,富田 可織,とみた かおり,1982-04-11,女,東京都
C00000312,葉山 紀恵,はやま のりえ,1991-05-26,女,東京都
C00000313,堀 美恵,ほり みえ,1980-08-04,女,東京都
C00000314,水元 淳,みずもと じゅん,1997-09-28,男,静岡県
C00000315,染谷 拓哉,そめや たくや,1974-10-06,男,東京都
C00000316,樋口 康彦,ひぐち やすひこ,1995-09-29,男,東京都
C00000317,鈴木 孝太郎,すずき こうたろう,1978-05-12,男,福岡県
C00000318,西口 充孝,にしぐち みつたか,1977-02-15,男,宮崎県
C00000319,中平 恵,なかひら めぐみ,1990-04-07,女,東京都
C00000320,安西 きみこ,あんざい きみこ,1977-04-24,女,北海道
C00000321,佐々木 陽,ささき あきら,1996-06-23,男,埼玉県
C00000322,藤田 裕子,ふじた ゆうこ,1982-07-15,女,東京都
C00000323,吉村 健太,よしむら けんた,1990-05-05,男,埼玉県
C00000324,向井 光一,むかい こういち,1994-12-08,男,大阪府
C00000325,宮永 真太郎,みやなが しんたろう,1976-12-13,男,埼玉県
C00000326,渡辺 亜希子,わたなべ あきこ,1980-08-01,女,兵庫県
C00000327,梶川 真里,かじかわ まり,1980-08-31,女,東京都
C00000328,林 章弘,はやし あきひろ,1981-02-12,男,東京都
C00000329,井上 寿美,いのうえ ひさみ,1990-08-14,女,広島県
C00000330,松下 慎一,まつした しんいち,1989-02-09,男,栃木県
C00000331,近藤 大輔,こんどう だいすけ,1986-03-12,男,愛知県
C00000332,柴田 達哉,しばた たつや,2003-11-29,男,広島県
C00000333,里見 公美,さとみ くみ,2007-03-18,女,東京都
C00000334,伊藤 萌子,いとう もえこ,1995-05-03,女,兵庫県
C00000335,奥 淳,おく じゅん,1987-04-26,男,東京都
C00000336,清川 康,きよかわ やすし,1991-02-28,男,大阪府
C00000337,町田 俊樹,まちだ としき,2007-02-04,男,神奈川県
C00000338,清水 修一,しみず しゅういち,1991-10-12,男,北海道
C00000339,谷山 恵理子,たにやま えりこ,1974-02-08,女,東京都
C00000340,加藤 直美,かとう なおみ,1980-12-25,女,東京都
C00000341,大江 由香,おおえ ゆか,1984-09-06,女,宮城県
C00000342,藤原 麻衣子,ふじわら まいこ,1988-11-16,女,東京都
C00000343,石毛 瑞穂,いしげ みずほ,1973-08-04,女,神奈川県
C00000344,中林 裕子,なかばやし ゆうこ,1999-09-24,女,大阪府
C00000345,堤 佳奈,つつみ かな,2001-08-02,女,大阪府
C00000346,大平 奈々子,おおひら ななこ,1992-12-15,女,秋田県
C00000347,内村 真喜子,うちむら まきこ,2003-01-04,女,熊本県
C00000348,水口 健吾,みずぐち けんご,1974-01-01,男,沖縄県
C00000349,山田 宗,やまだ むねゆき,1984-04-23,男,愛知県
C00000350,増田 渉,ますだ わたる,1991-12-29,男,東京都
C00000351,青木 雅之,あおき まさゆき,1986-04-07,男,大阪府
C00000352,杉田 麻衣子,すぎた まいこ,1989-07-07,女,北海道
C00000353,和田 真紀子,わだ まきこ,1980-11-29,女,大阪府
C00000354,近藤 朋子,こんどう ともこ,1983-01-27,女,神奈川県
C00000355,竹島 加代子,たけしま かよこ,1982-09-10,女,東京都
C00000356,古市 靖子,ふるいち やすこ,2004-11-17,女,東京都
C00000357,山田 ジュン,やまだ じゅん,1979-07-25,女,愛知県
C00000358,津田 雄一,つだ ゆういち,1976-06-15,男,東京都
C00000359,亀山 将之,かめやま まさゆき,2002-09-15,男,東京都
C00000360,斉藤 真奈美,さいとう まなみ,1981-12-11,女,東京都
C00000361,船越 太輔,ふなこし たすけ,1999-10-07,男,三重県
C00000362,竹内 香奈子,たけうち かなこ,1984-08-28,女,新潟県
C00000363,丸井 麻美,まるい あさみ,1988-07-17,女,東京都
C00000364,山下 友幸,やました ともゆき,2007-04-13,男,神奈川県
C00000365,伊東 ちひろ,いとう ちひろ,1986-12-14,女,山梨県
C00000366,山下 加奈,やました かな,1983-08-29,女,新潟県
C00000367,吉元 宏,よしもと ひろし,1987-03-01,男,北海道
C00000368,栗田 雄一郎,くりた ゆういちろう,1979-05-18,男,神奈川県
C00000369,松村 萌美,まつむら めぐみ,2006-07-14,女,東京都
C00000370,平沢 芙美,ひらさわ ふみ,2006-03-13,女,大阪府
C00000371,谷村 哲也,たにむら てつや,1975-06-06,男,東京都
C00000372,村上 玲子,むらかみ れいこ,1988-04-27,女,東京都
C00000373,田中 美由紀,たなか みゆき,1998-09-11,女,静岡県
C00000374,豊川 泰博,とよかわ やすひろ,1973-11-13,男,青森県
C00000375,野見山 緑,のみやま みどり,1990-03-27,女,東京都
C00000376,中野 裕一,なかの ゆういち,1976-08-16,男,東京都
C00000377,坪谷 智子,つぼや ともこ,1978-07-25,女,東京都
C00000378,中山 達也,なかやま たつや,2001-02-05,男,東京都
C00000379,小森 恭平,こもり きょうへい,1982-09-17,男,茨城県
C00000380,田中 晃,たなか あきら,1986-07-20,男,神奈川県
C00000381,百田 晋,ももた すすむ,1993-02-13,男,東京都
C00000382,西村 美雪,にしむら みゆき,1994-01-03,女,宮城県
C00000383,安井 公章,やすい きみあき,1995-03-31,男,愛知県
C00000384,安達 淳史,あだち あつし,1978-09-03,男,大阪府
C00000385,原中 健一郎,はらなか けんいちろう,2005-03-27,男,愛媛県
C00000386,水谷 治子,みずたに はるこ,1987-09-06,女,静岡県
C00000387,長井 清明,ながい きよあき,1986-11-24,男,福岡県
C00000388,杉谷 孝太郎,すぎたに こうたろう,1986-01-26,男,東京都
C00000389,松澤 祐次,まつざわ ゆうじ,1995-08-18,男,東京都
C00000390,中村 聡之,なかむら としゆき,1978-11-17,男,東京都
C00000391,川端 みちる,かわばた みちる,1991-07-27,女,埼玉県
C00000392,北村 直樹,きたむら なおき,2001-01-04,男,千葉県
C00000393,上野 宏幸,うえの ひろゆき,1997-12-08,男,大阪府
C00000394,増田 和典,ますだ かずのり,1991-01-02,男,東京都
C00000395,長谷川 俊輔,はせがわ しゅんすけ,2002-09-28,男,大阪府
C00000396,鈴木 靖幸,すずき やすゆき,1973-01-29,男,大阪府
C00000397,安田 みゆき,やすだ みゆき,1989-01-30,女,大阪府
C00000398,相羽 智美,あいば ともみ,1978-10-09,女,千葉県
C00000399,中野 弘,なかの ひろし,1995-06-30,男,神奈川県
C00000400,小嶋 大地,こじま だいち,1998-10-24,男,東京都
C00000401,村上 智代,むらかみ ともよ,1972-10-08,女,北海道
C00000402,山口 悠希,やまぐち ゆうき,2001-06-15,男,東京都
C00000403,門倉 智子,かどくら ともこ,1986-05-30,女,熊本県
C00000404,田中 律子,たなか りつこ,1973-03-16,女,東京都
C00000405,戸田 孝男,とだ たかお,2001-12-25,男,東京都
C00000406,伊藤 奈津実,いとう なつみ,1978-08-09,女,東京都
C00000407,金 千明,きむ ちあき,1998-04-23,女,神奈川県
C00000408,森田 美和,もりた みわ,1987-06-22,女,埼玉県
C00000409,吉岡 満,よしおか みちる,1997-07-16,男,東京都
C00000410,藤田 俊光,ふじた としみつ,1987-03-01,男,兵庫県
C00000411,山田 希恵,やまだ きえ,1985-06-12,女,北海道
C00000412,齊藤 洋恵,さいとう ひろえ,1997-12-16,女,長野県
C00000413,立石 知也,たていし ともや,1980-07-27,男,北海道
C00000414,岸本 進悟,きしもと しんご,1987-05-30,男,東京都
C00000415,佐藤 敏裕,さとう としひろ,1978-03-14,男,東京都
C00000416,與那嶺 慶治,よなみね けいじ,1973-07-21,男,東京都
C00000417,亀井 敏弘,かめい としひろ,1990-08-24,男,東京都
C00000418,田村 宝,たむら たから,2002-11-23,男,佐賀県
C00000419,石田 晃央,いしだ てるお,1995-02-24,男,東京都
C00000420,佐伯 和幸,さえき かずゆき,1978-09-01,男,東京都
C00000421,古川 尚志,ふるかわ ひさし,1980-06-08,男,北海道
C00000422,吉田 美穂子,よしだ みほこ,1984-05-31,女,愛知県
C00000423,松山 悟,まつやま さとる,1999-04-13,男,宮城県
C00000424,牧原 将人,まきはら まさと,2003-11-27,男,北海道
C00000425,沼田 耕太郎,ぬまた こうたろう,1998-06-02,男,大阪府
C00000426,倉部 駿,くらべ しゅん,1981-08-23,男,東京都
C00000427,石田 令子,いしだ れいこ,1975-04-23,女,宮城県
C00000428,樋口 志郎,ひぐち しろう,2004-12-31,男,東京都
C00000429,山本 久美子,やまもと くみこ,1992-09-07,女,岐阜県
C00000430,金光 欣也,かねみつ きんや,1998-08-08,男,東京都
C00000431,中山 まり子,なかやま まりこ,2003-06-09,女,石川県
C00000432,笠置 知恵子,かさぎ ちえこ,1994-05-19,女,東京都
C00000433,原 裕亮,はら ゆうすけ,1978-08-28,男,東京都
C00000434,平尾 宏子,ひらお ひろこ,2005-08-28,女,東京都
C00000435,中川 一隆,なかがわ かずたか,1981-10-14,男,東京都
C00000436,星野 夏希,ほしの なつき,1988-10-16,女,東京都
C00000437,山口 綾子,やまぐち あやこ,2002-08-18,女,東京都
C00000438,重田 恵介,しげた けいすけ,1990-06-13,男,東京都
C00000439,藤崎 美晴,ふじさき みはる,1986-01-22,女,千葉県
C00000440,新田 祐子,にった ゆうこ,1997-09-25,女,東京都
C00000441,出町 義美,でまち よしみ,1985-03-20,男,東京都
C00000442,松浦 美菜子,まつうら みなこ,2001-01-28,女,大阪府
C00000443,小山 ゆり,こやま ゆり,2001-01-05,女,東京都
C00000444,中井 紀子,なかい のりこ,2001-05-09,女,東京都
C00000445,斉藤 智代,さいとう ともよ,2007-04-05,女,大阪府
C00000446,米村 一城,よねむら かずき,1981-10-07,男,東京都
C00000447,井沢 千尋,いざわ ちひろ,1978-10-18,女,大阪府
C00000448,鳥海 香菜,とりうみ かな,1988-01-13,女,栃木県
C00000449,馬場 宏志,ばば ひろし,1999-10-05,男,東京都
C00000450,折笠 稔,おりかさ みのる,1998-06-01,男,埼玉県
C00000451,新田 幸平,にった こうへい,1992-03-28,男,千葉県
C00000452,小宮山 伸二,こみやま しんじ,1982-09-07,男,大阪府
C00000453,新藤 学,しんどう まなぶ,1975-05-11,男,岐阜県
C00000454,三浦 俊介,みうら しゅんすけ,1987-08-28,男,兵庫県
C00000455,内田 えみ,うちだ えみ,1983-04-22,女,東京都
C00000456,平川 さゆり,ひらかわ さゆり,1982-09-29,女,愛知県
C00000457,浅野 淳子,あさの じゅんこ,1977-01-24,女,東京都
C00000458,安藤 寿人,あんどう ひさと,1979-09-19,男,東京都
C00000459,大迫 正樹,おおさこ まさき,2003-11-01,男,福岡県
C00000460,後藤 瑞穂,ごとう みずほ,2005-03-28,女,大阪府
C00000461,木田 昌史,きだ まさし,1972-10-05,男,宮城県
C00000462,中西 宏明,なかにし ひろあき,2003-09-11,男,静岡県
C00000463,神田 敬行,かんだ たかゆき,1972-08-03,男,東京都
C00000464,田辺 陽一,たなべ よういち,2004-06-02,男,東京都
C00000465,岡林 雅子,おかばやし まさこ,1993-07-31,女,東京都
C00000466,木村 啓太,きむら けいた,1977-07-06,男,大阪府
C00000467,野村 純一,のむら じゅんいち,2002-05-29,男,東京都
C00000468,嶋谷 大介,しまたに だいすけ,2007-07-24,男,東京都
C00000469,高島 聡志,たかしま さとし,1985-08-27,男,宮城県
C00000470,宮川 綾香,みやがわ あやか,1997-11-15,女,宮城県
C00000471,村木 恵子,むらき けいこ,1983-04-25,女,大阪府
C00000472,長崎 安希,ながさき あき,1999-11-27,女,東京都
C00000473,鈴木 彩夏,すずき あやか,2006-04-02,女,東京都
C00000474,戸田 未佳,とだ みか,1992-12-06,女,東京都
C00000475,矢野 貴教,やの たかのり,1978-02-10,男,鹿児島県
C00000476,伊藤 裕章,いとう ひろあき,1991-11-20,男,大阪府
C00000477,渡辺 彰,わたなべ あきら,2005-02-03,男,神奈川県
C00000478,山内 浩之,やまうち ひろゆき,1981-03-04,男,埼玉県
C00000479,安井 啓子,やすい けいこ,1988-08-10,女,北海道
C00000480,山口 奈都美,やまぐち なつみ,1975-03-28,女,東京都
C00000481,加藤 真太郎,かとう しんたろう,1973-12-21,男,京都府
C00000482,田崎 亜子,たさき あこ,1986-02-10,女,北海道
C00000483,水口 正登,みずぐち まさと,1984-05-05,男,東京都
C00000484,梅原 直紀,うめはら なおき,1988-12-03,男,山形県
C00000485,柳瀬 真以子,やなせ まいこ,1985-09-20,女,東京都
C00000486,吉本 恵美,よしもと えみ,1989-04-26,女,東京都
C00000487,濱 あすか,はま あすか,1993-03-16,女,宮城県
C00000488,平井 光利,ひらい みつとし,1983-04-11,男,茨城県
C00000489,林 順子,はやし じゅんこ,1975-12-30,女,栃木県
C00000490,大倉 博文,おおくら ひろふみ,1991-04-07,男,大阪府
C00000491,石渡 玲子,いしわた れいこ,2006-06-09,女,北海道
C00000492,堀尾 千尋,ほりお ちひろ,1993-05-17,女,茨城県
C00000493,佐々木 真二,ささき しんじ,1988-09-28,男,岩手県
C00000494,糸永 勝徳,いとなが かつのり,1988-03-05,男,東京都
C00000495,高橋 智秋,たかはし ともあき,1995-08-27,男,愛知県
C00000496,東田 一弥,ひがしだ かづや,1998-03-30,男,東京都
C00000497,小堀 陽祐,こぼり ようすけ,1985-01-02,男,東京都
C00000498,太田 梨絵,おおた りえ,2007-08-01,女,東京都
C00000499,千葉 早織,ちば さおり,1998-03-29,女,熊本県
C00000500,谷 勇,たに ゆう,2007-06-22,男,福岡県
C00000501,相川 絢香,あいかわ あやか,1982-01-14,女,千葉県
C00000502,遠藤 尚,えんどう なお,1983-11-25,男,神奈川県
C00000503,大石 一光,おおいし かずみつ,1974-08-25,男,富山県
C00000504,坂井 麻理子,さかい まりこ,2002-06-12,女,東京都
C00000505,松田 直史,まつだ なおふみ,1978-11-12,男,埼玉県
C00000506,田中 泰宏,たなか やすひろ,1985-08-29,男,大阪府
C00000507,平井 英子,ひらい ひでこ,1999-02-03,女,高知県
C00000508,浅野 隆弘,あさの たかひろ,1997-02-08,男,東京都
C00000509,高野 けん,たかの けん,2002-05-18,男,東京都
C00000510,高井 亜矢子,たかい あやこ,1976-08-31,女,東京都
C00000511,加藤 泰弘,かとう たいこう,1975-04-19,男,東京都
C00000512,斉藤 かおり,さいとう かおり,1994-05-11,女,埼玉県
C00000513,鈴木 明美,すずき あけみ,2003-11-11,女,大阪府
C00000514,田村 友彦,たむら ともひこ,1981-06-12,男,北海道
C00000515,加藤 亜希子,かとう あきこ,1980-04-22,女,栃木県
C00000516,中島 悟史,なかじま さとし,1987-12-23,男,神奈川県
C00000517,藤枝 莉紗,ふじえだ りさ,1973-06-23,女,北海道
C00000518,畑中 修平,はたなか しゅうへい,1974-10-17,男,愛知県
C00000519,山口 智之,やまぐち ともゆき,2006-03-27,男,大阪府
C00000520,小林 大介,こばやし だいすけ,1973-10-21,男,愛知県
C00000521,吉田 和子,よしだ かずこ,2007-08-19,女,東京都
C00000522,松岡 彩,まつおか あや,2001-10-03,女,広島県
C00000523,芦田 瑞恵,あしだ みずえ,1987-04-24,女,東京都
C00000524,佐藤 鉄平,さとう てっぺい,2001-07-18,男,東京都
C00000525,服部 哲也,はっとり てつや,1979-03-24,男,東京都
C00000526,北原 美香,きたはら みか,1974-01-06,女,東京都
C00000527,田中 薫,たなか かおる,1979-06-17,男,東京都
C00000528,吉田 等,よしだ ひとし,1985-04-16,男,東京都
C00000529,関本 祥子,せきもと しょうこ,1983-05-16,女,東京都
C00000530,兼田 真理,かねだ まり,1977-12-31,女,大阪府
C00000531,藤田 耕作,ふじた こうさく,1975-09-26,男,愛知県
C00000532,加瀬 秀人,かせ ひでひと,1982-06-27,男,埼玉県
C00000533,松山 聡美,まつやま さとみ,1974-02-02,女,東京都
C00000534,箱田 一樹,はこだ かずき,1996-07-06,男,東京都
C00000535,永島 弘子,ながしま ひろこ,1984-05-07,女,東京都
C00000536,岩城 寛子,いわき ひろこ,1988-09-08,女,神奈川県
C00000537,鄭 歩,てい あゆみ,1983-05-01,女,東京都
C00000538,芳賀 公彦,はが きみひこ,2005-07-15,男,東京都
C00000539,森 健太郎,もり けんたろう,1975-05-10,男,東京都
C00000540,大久保 伸治,おおくぼ しんじ,2006-06-24,男,大阪府
C00000541,山本 和子,やまもと かずこ,1998-05-15,女,千葉県
C00000542,加倉井 智信,かくらい とものぶ,1995-03-06,男,大阪府
C00000543,辻本 昇,つじもと のぼる,1981-08-24,男,東京都
C00000544,豊田 美紗,とよだ みさ,1990-07-21,女,大阪府
C00000545,吉浜 晃平,よしはま こうへい,1990-02-25,男,岐阜県
C00000546,早瀬 玲子,はやせ れいこ,1995-01-28,女,大分県
C00000547,鈴木 真里子,すずき まりこ,1999-06-27,女,宮崎県
C00000548,阿部 裕典,あべ ひろのり,1985-01-17,男,東京都
C00000549,土屋 直央,つちや なお,1997-07-15,男,大阪府
C00000550,高橋 雅史,たかはし まさし,1996-05-07,男,山口県
C00000551,小林 真奈美,こばやし まなみ,1992-06-18,女,埼玉県
C00000552,高松 征治,たかまつ せいじ,1998-09-09,男,東京都
C00000553,中野 亜季,なかの あき,1985-03-30,女,茨城県
C00000554,宇田川 俊哉,うだがわ としや,2005-11-01,男,大阪府
C00000555,小野 康平,おの こうへい,1980-12-30,男,千葉県
C00000556,北野 マキ,きたの まき,1982-02-18,女,埼玉県
C00000557,永津 達也,ながつ たつや,1972-10-08,男,神奈川県
C00000558,小川 美江,おがわ みえ,2004-07-17,女,山口県
C00000559,鈴木 みわ,すずき みわ,1974-12-11,女,東京都
C00000560,三宅 育美,みやけ いくみ,1976-03-13,女,東京都
C00000561,山田 寛,やまだ ひろし,2000-09-24,男,東京都
C00000562,小西 晃,こにし あきら,2004-11-02,男,東京都
C00000563,倉橋 暁,くらはし あき,1973-10-16,男,新潟県
C00000564,藤村 理奈,ふじむら りな,1998-01-23,女,京都府
C00000565,島田 慎介,しまだ しんすけ,1988-03-15,男,福岡県
C00000566,佃 力,つくだ つとむ,1974-03-02,男,愛知県
C00000567,村田 裕志,むらた ゆうし,1982-06-02,男,兵庫県
C00000568,齋藤 麗子,さいとう れいこ,1987-11-15,女,神奈川県
C00000569,小出 貴子,こいで たかこ,1971-10-22,女,福岡県
C00000570,廣橋 一郎,ひろはし いちろう,2003-06-12,男,東京都
C00000571,村井 智彦,むらい ともひこ,1981-01-24,男,東京都
C00000572,日野 恵子,ひの けいこ,1984-04-02,女,埼玉県
C00000573,大野 円,おおの まどか,1992-04-26,女,千葉県
C00000574,木下 紀子,きのした のりこ,2000-04-21,女,埼玉県
C00000575,永井 朋代,ながい ともよ,1973-09-03,女,東京都
C00000576,吉川 大輔,よしかわ だいすけ,1984-03-12,男,東京都
C00000577,岩本 真由美,いわもと まゆみ,1999-04-05,女,兵庫県
C00000578,永井 智子,ながい ともこ,2007-01-18,女,北海道
C00000579,倉澤 和史,くらさわ かずし,1975-01-02,男,神奈川県
C00000580,座安 由理,ざやす ゆり,2004-06-21,女,山形県
C00000581,落合 聖志,おちあい たかし,1983-02-19,男,東京都
C00000582,松田 亜衣子,まつだ あいこ,1983-01-13,女,東京都
C00000583,村松 貴子,むらまつ たかこ,1975-03-23,女,東京都
C00000584,安西 沙希,あんざい さき,1986-03-14,女,東京都
C00000585,木下 愛美,きのした めぐみ,1980-09-13,女,東京都
C00000586,辻野 健志,つじの けんじ,1978-08-13,男,東京都
C00000587,古澤 恵里奈,ふるさわ えりな,1983-05-02,女,北海道
C00000588,佐藤 賢,さとう けん,1985-11-12,男,愛知県
C00000589,藤江 利子,ふじえ りこ,2000-11-23,女,広島県
C00000590,星野 真由子,ほしの まゆこ,1990-07-18,女,埼玉県
C00000591,奥村 香里,おくむら かおり,2007-02-08,女,神奈川県
C00000592,滝野 博,たきの ひろし,2000-07-24,男,愛知県
C00000593,小西 一哉,こにし かずや,1992-12-08,男,鳥取県
C00000594,河津 伸枝,かわづ のぶえ,1992-06-05,女,東京都
C00000595,小野 英雄,おの ひでお,1985-09-17,男,滋賀県
C00000596,吉田 忠興,よしだ ただおき,1980-04-15,男,東京都
C00000597,伊藤 ひろこ,いとう ひろこ,1976-02-28,女,栃木県
C00000598,飯島 しのぶ,いいじま しのぶ,1987-01-30,女,岐阜県
C00000599,内藤 崇之,ないとう たかゆき,2003-10-13,男,福岡県
C00000600,吉田 春奈,よしだ はるな,1975-02-13,女,兵庫県
C00000601,上江洲 志津子,うえず しづこ,1980-04-09,女,神奈川県
C00000602,冨岡 一徳,とみおか かずのり,1997-07-06,男,愛知県
C00000603,及川 俊晴,おいかわ としはる,1974-07-01,男,大阪府
C00000604,平本 明生,ひらもと あきお,1996-09-28,男,神奈川県
C00000605,津波古 広之,つはこ ひろゆき,1993-10-09,男,東京都
C00000606,山川 義久,やまかわ よしひさ,1979-04-23,女,愛知県
C00000607,塚本 亮子,つかもと りょうこ,1971-11-05,女,埼玉県
C00000608,玉井 香菜,たまい かな,1993-03-27,女,大阪府
C00000609,高村 由里子,たかむら ゆりこ,1972-11-18,女,東京都
C00000610,西村 修一,にしむら しゅういち,2002-06-03,男,大阪府
C00000611,鳥巣 貴志,とりす たかし,1977-10-11,男,千葉県
C00000612,奥村 奈保子,おくむら なおこ,1978-05-14,女,兵庫県
C00000613,小林 恵美,こばやし えみ,2003-05-31,女,秋田県
C00000614,高橋 ゆうこ,たかはし ゆうこ,1986-03-22,女,東京都
C00000615,青木 宏,あおき ひろし,2002-01-21,男,大阪府
C00000616,漆山 健太郎,うるしやま けんたろう,1996-12-20,男,東京都
C00000617,大塚 千秋,おおつか ちあき,1989-12-10,女,東京都
C00000618,長内 雅之,おさない まさゆき,1989-07-28,男,東京都
C00000619,川上 秀一,かわかみ しゅういち,1988-10-12,男,東京都
C00000620,臼井 孝宣,うすい たかのり,2005-10-11,男,東京都
C00000621,村上 あかね,むらかみ あかね,1988-02-27,女,東京都
C00000622,中村 真也,なかむら しんや,1998-10-30,男,鹿児島県
C00000623,前嶋 真弓,まえじま まゆみ,2000-04-26,女,東京都
C00000624,酒井 洋一郎,さかい とういちろう,2004-10-06,男,東京都
C00000625,樋口 礼子,ひぐち れいこ,2002-02-03,女,大阪府
C00000626,石橋 修平,いしばし しゅうへい,2005-06-27,男,愛知県
C00000627,南 雄大,みなみ たけひろ,2007-05-24,男,岐阜県
C00000628,沼田 春菜,ぬまた はるな,1976-12-01,女,北海道
C00000629,宮本 広基,みやもと ひろき,1995-04-02,男,東京都
C00000630,浅野 裕美,あさの ゆみ,1973-09-13,女,大阪府
C00000631,西田 泉,にしだ いずみ,1997-11-07,女,兵庫県
C00000632,新井 佑実子,あらい ゆみこ,1980-12-11,女,東京都
C00000633,小野 眞吾,おの しんご,1972-12-05,男,福島県
C00000634,佐保 洋子,さほ ようこ,2002-02-25,女,島根県
C00000635,佐藤 さなえ,さとう さなえ,1993-02-05,女,大阪府
C00000636,栗本 瑞穂,くりもと みずほ,1992-09-29,女,東京都
C00000637,遠藤 亮,えんどう りょう,1981-12-13,男,神奈川県
C00000638,下村 綾子,しもむら あやこ,2004-09-02,女,新潟県
C00000639,木村 みゆき,きむら みゆき,1999-05-07,女,北海道
C00000640,田中 智美,たなか ともみ,2006-05-31,女,静岡県
C00000641,下畑 雄太,しもはた ゆうた,1985-09-01,男,北海道
C00000642,竹内 純子,たけうち じゅんこ,1989-07-25,女,福岡県
C00000643,堀井 玲,ほりい れい,1981-07-27,男,東京都
C00000644,伊藤 紗綾,いとう さや,1996-01-07,女,石川県
C00000645,仲尾 修三,なかお しゅうぞう,2004-09-21,男,大阪府
C00000646,本間 真弓,ほんま まゆみ,1981-04-27,女,愛媛県
C00000647,谷口 美月,たにぐち みづき,1996-01-19,女,埼玉県
C00000648,笹部 久美子,ささべ くみこ,1988-11-18,女,千葉県
C00000649,菊谷 英憲,きくや ひでのり,2005-08-07,男,長野県
C00000650,泉 聡美,いずみ さとみ,1978-01-24,女,東京都
C00000651,岩崎 竜一,いわさき りゅういち,2000-05-17,男,大阪府
C00000652,伊藤 健一,いとう けんいち,1984-11-04,男,福井県
C00000653,浅井 智規,あさい とものり,2003-10-03,男,兵庫県
C00000654,石田 多美子,いしだ たみこ,1977-11-24,女,東京都
C00000655,田中 貴之,たなか たかゆき,1983-05-28,男,埼玉県
C00000656,中島 太郎,なかじま たろう,1981-06-22,男,東京都
C00000657,中川 友子,なかがわ ともこ,1983-11-13,女,東京都
C00000658,金子 達也,かねこ たつや,1979-08-24,男,北海道
C00000659,秋田 賢太郎,あきた けんたろう,2003-08-20,男,東京都
C00000660,石垣 慎一朗,いしがき しんいちろう,1972-12-31,男,神奈川県
C00000661,山崎 友香子,やまざき ゆかこ,1972-10-18,女,東京都
C00000662,安元 沙織,やすもと さおり,1985-10-06,女,福岡県
C00000663,三澤 和弘,みさわ かずひろ,2006-12-18,男,北海道
C00000664,香川 朱実,かがわ あけみ,1993-03-10,女,東京都
C00000665,国広 美保,くにひろ みほ,1973-04-02,女,東京都
C00000666,奥村 亜裕美,おくむら あゆみ,1999-09-28,女,東京都
C00000667,垣内 佳織,かきうち かおり,1972-07-19,女,大阪府
C00000668,加藤 茂,かとう しげる,2001-09-23,男,福岡県
C00000669,今井 美智子,いまい みちこ,1993-08-24,女,大阪府
C00000670,佐藤 和子,さとう かずこ,1976-11-13,女,京都府
C00000671,西森 恵里,にしもり えり,2000-10-26,女,東京都
C00000672,芹澤 ともこ,せりざわ ともこ,1988-03-02,女,群馬県
C00000673,関 淳子,せき じゅんこ,1974-02-08,女,愛知県
C00000674,宮寺 愛,みやでら あい,1983-12-13,女,東京都
C00000675,大塚 絵理子,おおつか えりこ,1999-01-20,女,北海道
C00000676,玉川 大樹,たまがわ たいき,1992-08-03,男,沖縄県
C00000677,藤田 究,ふじた きゅう,2003-05-27,男,沖縄県
C00000678,押切 彩,おしきり あや,1991-01-30,女,東京都
C00000679,佐藤 陽子,さとう ようこ,2005-08-13,女,大阪府
C00000680,米原 由紀,よねはら ゆき,1995-02-07,女,広島県
C00000681,大澤 久,おおさわ ひさし,1977-05-18,男,東京都
C00000682,石田 亮太,いしだ りょうた,1983-02-12,男,東京都
C00000683,佐々木 友子,ささき ともこ,1974-02-01,女,千葉県
C00000684,藤代 功二,ふじしろ こうじ,1989-08-02,男,東京都
C00000685,山崎 健一,やまざき けんいち,1986-08-29,男,福岡県
C00000686,竹内 順子,たけうち じゅんこ,1993-12-14,女,北海道
C00000687,中島 朝子,なかじま ともこ,1986-08-22,女,東京都
C00000688,木内 渉,きうち わたる,2001-06-05,男,兵庫県
C00000689,藤澤 俊行,ふじさわ としゆき,2005-10-11,男,神奈川県
C00000690,岡田 浩之,おかだ ひろゆき,1980-12-02,男,東京都
C00000691,下谷 裕子,しもたに ゆうこ,1993-12-22,女,愛知県
C00000692,細江 久志,ほそえ ひさし,1995-01-22,男,兵庫県
C00000693,小池 将之,こいけ まさゆき,1976-02-14,男,東京都
C00000694,福田 茂,ふくだ しげる,1976-11-13,男,東京都
C00000695,阿部 舞,あべ まい,1982-11-29,女,岐阜県
C00000696,川島 なお,かわしま なお,2005-03-27,女,北海道
C00000697,長谷川 広明,はせがわ ひろあき,1984-03-17,男,北海道
C00000698,小池 宏幸,こいけ ひろゆき,1994-09-29,男,徳島県
C00000699,三尾 英里子,みお えりこ,2000-04-13,女,東京都
C00000700,岡田 美幸,おかだ みゆき,1998-05-02,女,千葉県
C00000701,神谷 秀規,かみや ひでき,1992-11-01,男,広島県
C00000702,岩淵 貴子,いわぶち たかこ,2004-05-08,女,埼玉県
C00000703,渡部 佐知子,わたなべ さちこ,1996-10-16,女,大阪府
C00000704,小野 恵理,おの えり,2002-03-12,女,北海道
C00000705,森 みき,もり みき,1974-03-26,女,東京都
C00000706,戸村 翔太,とむら しょうた,1996-05-22,男,東京都
C00000707,野口 さおり,のぐち さおり,1990-01-27,女,福岡県
C00000708,小山 友紀,こやま ともき,1988-06-02,男,神奈川県
C00000709,山本 友子,やまもと ともこ,1985-08-24,女,埼玉県
C00000710,中野 裕子,なかの ゆうこ,1989-02-04,女,岐阜県
C00000711,森下 伊津子,もりした いつこ,1982-04-10,女,東京都
C00000712,染谷 奈央,そめや なお,1990-09-02,女,東京都
C00000713,清水 秀俊,しみず ひでとし,1980-12-02,男,栃木県
C00000714,岸野 康裕,きしの やすひろ,1986-04-13,男,東京都
C00000715,鈴木 佳澄,すずき かすみ,1989-11-18,女,宮崎県
C00000716,櫻井 瑶子,さくらい ようこ,1999-09-16,女,和歌山県
C00000717,佐久間 拓,さくま たく,1998-06-22,男,北海道
C00000718,松岡 和子,まつおか かずこ,1997-05-20,女,埼玉県
C00000719,山野 あやの,やまの あやの,1981-02-14,女,千葉県
C00000720,鈴木 誠子,すずき せいこ,1988-11-29,女,東京都
C00000721,松本 良平,まつもと りょうへい,1976-06-20,男,埼玉県
C00000722,永山 美穂,ながやま みほ,2004-03-30,女,愛知県
C00000723,高橋 晃弘,たかはし あきひろ,2001-09-28,男,大阪府
C00000724,松山 勇樹,まつやま ゆうき,1989-09-13,男,東京都
C00000725,細川 沙紀,ほそかわ さき,1988-03-24,女,東京都
C00000726,山田 優子,やまだ ゆうこ,1999-06-15,女,東京都
C00000727,長澤 剛,ながさわ つよし,1974-08-26,男,神奈川県
C00000728,磯山 詩織,いそやま しおり,1976-10-16,女,沖縄県
C00000729,園田 大二,そのだ だいじ,2004-11-02,男,東京都
C00000730,山本 小百合,やまもと さゆり,1987-10-14,女,東京都
C00000731,飯島 茂,いいじま しげる,2004-12-25,男,福岡県
C00000732,中村 千明,なかむら ちあき,2005-06-02,女,福岡県
C00000733,犬飼 英樹,いぬかい ひでき,1995-04-16,男,東京都
C00000734,滝口 祐太郎,たきぐち ゆうたろう,1994-11-22,男,東京都
C00000735,岡田 恵子,おかだ けいこ,1980-12-26,女,埼玉県
C00000736,有松 美幸,ありまつ みゆき,2007-01-30,女,岐阜県
C00000737,櫻井 知弥,さくらい ともみ,1981-08-11,女,東京都
C00000738,中川 和也,なかがわ かずや,1983-12-01,男,東京都
C00000739,黒田 恵美,くろだ えみ,2006-05-06,女,福岡県
C00000740,福井 宏幸,ふくい ひろゆき,1982-07-03,男,大阪府
C00000741,藤本 一博,ふじもと かずひろ,1973-03-15,男,東京都
C00000742,佐川 なな,さがわ なな,1994-05-18,女,東京都
C00000743,山本 健史,やまもと たけし,1990-07-28,男,神奈川県
C00000744,藤岡 よう子,ふじおか ようこ,1986-11-24,女,東京都
C00000745,伏木 愛子,ふしき あいこ,1980-11-07,女,高知県
C00000746,井田 美知子,いだ みちこ,2004-08-15,女,新潟県
C00000747,大内 隆之,おおうち たかゆき,1980-09-23,男,東京都
C00000748,長澤 純,ながさわ あや,1996-04-09,男,北海道
C00000749,中谷 仁,なかたに ひとし,1996-07-24,男,大阪府
C00000750,矢部 繁,やべ しげる,1992-04-28,男,東京都
C00000751,江本 昌子,えもと まさこ,1998-03-07,女,大阪府
C00000752,藤岡 慎悟,ふじおか しんご,1982-02-25,男,大阪府
C00000753,伊藤 里依,いとう りえ,1980-12-07,女,東京都
C00000754,稲葉 修,いなば おさむ,1979-11-23,男,大阪府
C00000755,加藤 忠広,かとう ただひろ,1987-09-14,男,神奈川県
C00000756,村上 一昭,むらかみ かずあき,2001-09-10,男,埼玉県
C00000757,田浦 貴美子,たうら きみこ,1991-03-29,女,愛知県
C00000758,藤田 奈都子,ふじた なつこ,1982-09-23,女,兵庫県
C00000759,佐藤 聡,さとう あきら,1996-09-04,男,沖縄県
C00000760,中西 靖裕,なかにし やすひろ,1988-11-01,男,東京都
C00000761,馬場 裕之,ばば ひろゆき,2003-11-02,男,東京都
C00000762,西澤 ちえ,にしざわ ちえ,2002-10-15,女,埼玉県
C00000763,新谷 哲矢,しんたに てつや,1994-12-29,男,愛知県
C00000764,内 佳史,うち よしふみ,1982-06-22,男,埼玉県
C00000765,長谷部 亮子,はせべ りょうこ,1975-01-07,女,神奈川県
C00000766,小川 友希,おがわ ゆき,2002-04-25,女,兵庫県
C00000767,小林 綾,こばやし あや,1983-08-29,女,北海道
C00000768,松原 友子,まつばら ともこ,1996-01-12,女,岐阜県
C00000769,西原 孝紀,にしはら たかのり,2005-03-25,男,東京都
C00000770,安武 かずや,やすたけ かずや,1984-06-09,男,埼玉県
C00000771,小坂 孝行,こさか たかゆき,1986-02-17,男,東京都
C00000772,大岡 稚子,おおおか わかこ,1999-06-03,女,東京都
C00000773,中村 綾,なかむら あや,1984-05-31,女,滋賀県
C00000774,西川 智子,にしかわ ともこ,2004-11-11,女,神奈川県
C00000775,西堀 哲郎,にしぼり てつろう,1997-08-28,男,東京都
C00000776,奥津 幸子,おくつ さちこ,1995-05-04,女,東京都
C00000777,石永 わたる,いしなが わたる,1978-10-19,男,東京都
C00000778,尾山 久美子,おやま くみこ,1991-07-23,女,神奈川県
C00000779,槇野 滋子,まきの あさこ,1986-06-14,女,東京都
C00000780,村上 秀和,むらかみ ひでかず,1982-08-09,男,静岡県
C00000781,藤原 智,ふじわら とも,1983-06-22,男,神奈川県
C00000782,西野 茂樹,にしの しげき,1984-02-17,男,埼玉県
C00000783,加藤 久雄,かとう ひさお,1984-12-30,男,山口県
C00000784,佐々木 裕貴,ささき ゆうき,1990-03-05,男,東京都
C00000785,大塚 奈津子,おおつか なつこ,1997-02-05,女,東京都
C00000786,川端 智子,かわばた ともこ,1988-05-22,女,東京都
C00000787,鈴木 大次郎,すずき だいじろう,1978-03-01,男,東京都
C00000788,佐藤 貴子,さとう たかこ,1974-12-02,女,大阪府
C00000789,長倉 博,ながくら ひろし,1978-06-20,男,宮城県
C00000790,朝倉 卓也,あさくら たくや,1991-07-01,男,大阪府
C00000791,大場 藍子,おおば あいこ,2007-08-22,女,東京都
C00000792,木村 義彦,きむら よしひこ,1994-02-10,男,東京都
C00000793,小野山 千咲,おのやま ちさき,1996-09-30,女,神奈川県
C00000794,大野 えみ,おおの えみ,1984-06-15,女,沖縄県
C00000795,臼井 智義,うすい とものり,1982-12-09,男,徳島県
C00000796,田内 愛美,たうち めぐみ,1999-11-07,女,東京都
C00000797,久保 京子,くぼ きょうこ,2006-09-17,女,北海道
C00000798,小塚 博之,こづか ひろゆき,2002-01-08,男,東京都
C00000799,森下 美花,もりした みか,1975-03-14,女,東京都
C00000800,茂呂 きょうこ,もろ きょうこ,1974-07-14,女,大阪府
C00000801,水谷 文博,みずたに ふみひろ,1982-05-23,男,東京都
C00000802,栗原 美由紀,くりはら みゆき,1981-10-10,女,宮城県
C00000803,上田 愛子,うえだ あいこ,1978-09-19,女,東京都
C00000804,安部 洋子,あべ ようこ,1992-02-07,女,山口県
C00000805,手代木 明子,てしろぎ あきこ,2001-01-08,女,東京都
C00000806,村上 克也,むらかみ かつや,2003-01-16,男,東京都
C00000807,澤田 優子,さわだ ゆうこ,1979-01-04,女,神奈川県
C00000808,大井 遼太,おおい りょうた,1976-06-19,男,大阪府
C00000809,中神 勇樹,なかがみ ゆうき,1979-03-09,男,大阪府
C00000810,松本 良浩,まつもと よしひろ,1990-05-26,男,東京都
C00000811,三田 大輔,みた だいすけ,2002-07-11,男,愛媛県
C00000812,渡辺 玲菜,わたなべ れな,1983-07-12,女,福島県
C00000813,日野 健人,ひの けんと,1996-09-13,男,東京都
C00000814,宮本 亜希,みやもと あき,1993-07-02,女,東京都
C00000815,宮原 敬子,みやはら けいこ,1990-09-08,女,静岡県
C00000816,野村 直美,のむら なおみ,2005-12-23,女,愛媛県
C00000817,藤枝 知穂,ふじえだ ちほ,2003-03-18,女,大阪府
C00000818,星野 正,ほしの ただし,1990-11-25,男,東京都
C00000819,馬場 正太,ばば しょうた,1973-09-29,男,東京都
C00000820,片山 昌之,かたやま まさゆき,1994-06-19,男,北海道
C00000821,大内 文雄,おおうち ふみお,1980-07-13,男,大阪府
C00000822,森川 由香里,もりかわ ゆかり,1999-08-06,女,大阪府
C00000823,鶴田 隆宏,つるた たかひろ,2007-07-04,男,埼玉県
C00000824,谷 亜季,たに あき,1984-03-07,女,宮城県
C00000825,木下 健太郎,きのした けんたろう,1996-01-19,男,大阪府
C00000826,枝松 朝子,えだまつ ともこ,1972-11-14,女,北海道
C00000827,宮城 稔,みやぎ みのる,1984-08-03,男,大阪府
C00000828,横井 将樹,よこい まさき,1990-09-12,男,福井県
C00000829,高橋 大介,たかはし だいすけ,1975-07-30,男,大阪府
C00000830,串間 洋介,くしま ようすけ,2002-03-29,男,愛知県
C00000831,笹川 陽子,ささがわ ようこ,2002-05-17,女,東京都
C00000832,岩澤 真菜美,いわさわ まなみ,1995-08-09,女,東京都
C00000833,丸井 正則,まるい まさのり,1984-10-16,男,東京都
C00000834,成川 絵美,なりかわ えみ,1983-01-19,女,東京都
C00000835,砂川 敦,すながわ あつし,1997-05-26,男,山形県
C00000836,田宮 亜季子,たみや あきこ,1980-06-03,女,東京都
C00000837,矢野 友美,やの ゆみ,1998-01-23,女,愛知県
C00000838,菊地 芳江,きくち よしえ,2002-03-29,女,神奈川県
C00000839,長谷川 亮,はせがわ りょう,1996-04-29,男,北海道
C00000840,竹森 淳史,たけもり あつし,1983-12-22,男,東京都
C00000841,井口 美弥,いぐち みや,1991-12-18,女,神奈川県
C00000842,根岸 弘美,ねぎし ひろみ,1976-07-30,女,大阪府
C00000843,柳澤 亜紀,やなぎさわ あき,1972-10-27,女,東京都
C00000844,佐治 義昭,さじ よしあき,1989-03-25,男,愛知県
C00000845,福島 正子,ふくしま まさこ,1987-06-19,女,東京都
C00000846,伊藤 美智子,いとう みちこ,1973-02-09,女,大阪府
C00000847,利光 義人,としみつ よしと,1992-07-27,男,東京都
C00000848,品川 希,しながわ のぞみ,2002-12-29,女,大阪府
C00000849,藤谷 麻琴,ふじたに まこと,1974-05-11,女,新潟県
C00000850,小島 賢,こじま けん,1986-09-02,男,東京都
C00000851,中山 幸寛,なかやま ゆきひろ,1987-08-17,男,東京都
C00000852,江田 さえ,えだ さえ,1996-03-03,女,兵庫県
C00000853,今田 聖史,いまだ きよし,2004-06-08,男,佐賀県
C00000854,平田 香世,ひらた かよ,1994-07-23,女,大阪府
C00000855,堤 正樹,つつみ まさき,1988-12-05,男,神奈川県
C00000856,渡部 ひとみ,わたなべ ひとみ,2007-04-21,女,東京都
C00000857,海老沼 聡子,えびぬま さとこ,1980-11-19,女,東京都
C00000858,寺本 啓介,てらもと けいすけ,2000-12-16,男,神奈川県
C00000859,岩永 真澄,いわなが ますみ,1990-02-06,女,東京都
C00000860,福井 寿代,ふくい ひさよ,2002-05-18,女,大阪府
C00000861,中島 まゆ子,なかじま まゆこ,2004-10-16,女,大阪府
C00000862,宮本 裕子,みやもと ゆうこ,1973-09-02,女,東京都
C00000863,岩男 誠一郎,いわお せいいちろう,1973-11-18,男,東京都
C00000864,吉田 典子,よしだ のりこ,2002-10-09,女,新潟県
C00000865,林 渉,はやし わたる,1978-07-25,男,千葉県
C00000866,市川 進一,いちかわ しんいち,1991-01-27,男,東京都
C00000867,片山 洋介,かたやま ようすけ,1982-04-23,男,神奈川県
C00000868,佐々木 賢輔,ささき けんすけ,2003-11-09,男,東京都
C00000869,清水 和宏,しみず かずひろ,1999-03-04,男,神奈川県
C00000870,芳賀 崇,はが たかし,2005-10-23,男,東京都
C00000871,高橋 正一,たかはし しょういち,1988-08-02,男,千葉県
C00000872,土橋 拓,どばし たく,1998-02-27,男,大阪府
C00000873,工藤 留美,くどう るみ,1976-08-26,女,愛媛県
C00000874,稲場 瑠美,いなば るみ,1977-06-22,女,神奈川県
C00000875,山下 正子,やました まさこ,1983-08-31,女,大阪府
C00000876,中野 克仁,なかの かつひと,1986-12-27,男,茨城県
C00000877,岡元 拓郎,おかもと たくろう,1996-08-20,男,広島県
C00000878,工藤 康輔,くどう こうすけ,1982-10-18,男,東京都
C00000879,山本 基,やまもと もとい,1994-02-16,男,大阪府
C00000880,近藤 薫,こんどう かおる,2007-10-06,女,広島県
C00000881,煙山 宗一,けむりやま そういち,1984-11-27,男,兵庫県
C00000882,石 哲也,いし てつや,1978-11-11,男,東京都
C00000883,深川 謙治,ふかがわ けんじ,1983-09-08,男,愛知県
C00000884,糸山 純子,いとやま じゅんこ,1985-11-24,女,大阪府
C00000885,遠山 明子,とおやま あきこ,1976-06-03,女,兵庫県
C00000886,斉藤 陽子,さいとう ようこ,1996-08-11,女,東京都
C00000887,後藤 晋,ごとう すすむ,1987-02-21,男,千葉県
C00000888,西園 有紀子,にしぞの ゆきこ,1989-04-22,女,大阪府
C00000889,有岡 しほ,ありおか しほ,1996-09-20,女,東京都
C00000890,近藤 拓也,こんどう たくや,2002-02-22,男,愛知県
C00000891,左 まり,ひだり まり,1975-03-25,女,愛知県
C00000892,浜野 泰治,はまの やすはる,1993-11-19,男,東京都
C00000893,三島 美果,みしま みか,1997-02-13,女,東京都
C00000894,村山 美帆,むらやま みほ,1987-03-05,女,山形県
C00000895,佐藤 浩二,さとう こうじ,1981-04-29,男,大阪府
C00000896,半澤 亮佑,はんざわ りょうすけ,1976-06-11,男,大阪府
C00000897,吉田 浩二,よしだ こうじ,1991-07-04,男,千葉県
C00000898,松澤 大貴,まつざわ たいき,1992-10-30,男,埼玉県
C00000899,中西 智美,なかにし ともみ,2006-03-08,女,大阪府
C00000900,加藤 温子,かとう あつこ,1981-01-10,女,埼玉県
C00000901,森本 一男,もりもと かずお,1978-05-01,男,兵庫県
C00000902,中村 清美,なかむら きよみ,1997-06-02,女,兵庫県
C00000903,矢野 瑶子,やの ようこ,1999-02-06,女,東京都
C00000904,青山 ミユキ,あおやま みゆき,1981-05-11,女,岩手県
C00000905,斉藤 めぐみ,さいとう めぐみ,1972-11-23,女,神奈川県
C00000906,村瀬 雄二,むらせ ゆうじ,1977-04-24,男,愛知県
C00000907,藤原 寿子,ふじわら ひさこ,2005-11-07,女,東京都
C00000908,中村 省二,なかむら せいじ,2005-09-04,男,東京都
C00000909,多田 隆之,ただ たかゆき,1987-06-21,男,北海道
C00000910,市橋 佳亮,いちはし けいすけ,1977-10-27,男,福岡県
C00000911,渡辺 敦,わたなべ あつし,2004-08-20,男,東京都
C00000912,藤本 麻友美,ふじもと まゆみ,1985-12-15,女,埼玉県
C00000913,笹部 洋輔,ささべ ようすけ,1995-03-04,男,東京都
C00000914,堀田 涼,ほった りょう,1997-10-22,女,大阪府
C00000915,福田 優子,ふくだ ゆうこ,1999-12-13,女,北海道
C00000916,前田 俊一,まえだ しゅんいち,2001-04-22,男,大阪府
C00000917,豊田 幸子,とよだ さちこ,1974-10-30,女,東京都
C00000918,竹内 美早紀,たけうち みさき,2002-08-22,女,東京都
C00000919,岩城 和宏,いわき かずひろ,1998-11-19,男,神奈川県
C00000920,西尾 翔太,にしお しょうた,1997-09-21,男,大阪府
C00000921,菅野 加代,かんの かよ,2004-03-12,女,東京都
C00000922,有森 剛,ありもり つよし,2002-06-08,男,沖縄県
C00000923,渡辺 譲,わたなべ ゆずる,1981-07-14,男,愛知県
C00000924,松浦 真里子,まつうら まりこ,1984-05-26,女,神奈川県
C00000925,松田 万里絵,まつだ まりえ,2006-12-06,女,佐賀県
C00000926,木村 千鶴,きむら ちづる,1987-08-28,女,神奈川県
C00000927,増田 哲,ますだ さとし,1980-02-07,男,福岡県
C00000928,中川 瑠璃,なかがわ るり,1996-12-27,女,埼玉県
C00000929,中澤 和江,なかざわ かずえ,1985-04-02,女,東京都
C00000930,中島 剛,なかじま つよし,1977-11-30,男,北海道
C00000931,渡部 義徳,わたなべ よしのり,1985-04-04,男,福岡県
C00000932,橋本 宏美,はしもと ひろみ,1981-05-27,女,東京都
C00000933,小松 敏之,こまつ としゆき,2005-05-22,男,神奈川県
C00000934,田村 詠美,たむら えみ,1998-05-05,女,兵庫県
C00000935,藤原 寛子,ふじわら ひろこ,2003-11-06,女,東京都
C00000936,富岡 直道,とみおか なおみち,1997-07-23,男,愛知県
C00000937,下村 麻美,しもむら あさみ,1998-02-11,女,東京都
C00000938,藤 武,ふじ たける,1974-12-29,男,北海道
C00000939,手塚 いづみ,てづか いづみ,1994-05-28,女,神奈川県
C00000940,熊谷 みゆき,くまがい みゆき,1981-08-19,女,千葉県
C00000941,國友 智史,くにとも さとし,1988-07-10,男,岐阜県
C00000942,鈴木 博文,すずき ひろふみ,1998-11-22,男,大阪府
C00000943,田中 達也,たなか たつや,2006-10-06,男,兵庫県
C00000944,佐藤 悠子,さとう ゆうこ,1990-09-08,女,広島県
C00000945,廣江 勝,ひろえ まさる,1998-05-14,男,東京都
C00000946,冨樫 正俊,とがし まさとし,1986-01-30,男,福岡県
C00000947,遠藤 三奈,えんどう みな,1989-04-30,女,東京都
C00000948,安田 隆二,やすだ りゅうじ,1994-10-22,男,東京都
C00000949,酒井 拓也,さかい たくや,1991-03-01,男,埼玉県
C00000950,森田 恵子,もりた けいこ,1988-03-14,女,東京都
C00000951,宇田 恵子,うだ けいこ,1975-09-15,女,千葉県
C00000952,石井 佳恵,いしい よしえ,1993-06-06,女,岡山県
C00000953,岩間 哲史,いわま さとし,1994-02-13,男,兵庫県
C00000954,橋本 裕子,はしもと ゆうこ,2000-03-06,女,東京都
C00000955,中野 宏志,なかの ひろし,2004-04-26,男,北海道
C00000956,石堂 陽平,いしどう ようへい,2007-08-02,男,東京都
C00000957,田中 慎一郎,たなか しんいちろう,1986-02-19,男,茨城県
C00000958,高木 絵理奈,たかぎ えりな,1999-05-18,女,新潟県
C00000959,佐藤 里紗,さとう りさ,1998-09-10,女,東京都
C00000960,亀井 翠,かめい みどり,1987-09-25,女,山口県
C00000961,松野 恵美子,まつの えみこ,2007-05-09,女,大阪府
C00000962,星野 嘉男,ほしの よしお,1998-08-05,男,神奈川県
C00000963,清瀬 由香,きよせ ゆか,1973-08-12,女,東京都
C00000964,山田 ちほ,やまだ ちほ,2002-05-23,女,東京都
C00000965,松岡 達也,まつおか たつや,1995-11-17,男,東京都
C00000966,山口 安志,やまぐち やすし,1996-12-27,男,千葉県
C00000967,日高 翠,ひだか みどり,1980-01-31,女,奈良県
C00000968,長瀬 麻弥,ながせ まや,1996-12-20,女,北海道
C00000969,角田 亜矢子,つのだ あやこ,1982-08-14,女,埼玉県
C00000970,薩摩 由紀乃,さつま ゆきの,1980-05-08,女,大阪府
C00000971,渡辺 昭二,わたなべ しょうじ,2000-07-05,男,東京都
C00000972,大城 穣,おおしろ ゆたか,1993-12-17,男,東京都
C00000973,多田 勝敏,ただ かつとし,1997-03-21,男,山梨県
C00000974,伴野 朗,ばんの ろう,1973-12-12,男,愛知県
C00000975,三浦 浩之,みうら ひろゆき,1990-10-05,男,大阪府
C00000976,金子 啓一郎,かねこ けいいちろう,1978-06-07,男,北海道
C00000977,永井 真希,ながい まき,2001-06-09,女,埼玉県
C00000978,小川 葉子,おがわ ようこ,1994-12-11,女,大阪府
C00000979,鈴木 貴子,すずき たかこ,1991-02-06,女,神奈川県
C00000980,藤原 早希子,ふじわら さきこ,1973-07-26,女,大阪府
C00000981,前田 愛,まえだ あい,2003-04-20,女,東京都
C00000982,一ノ瀬 なな,いちのせ なな,1994-12-26,女,大分県
C00000983,和田 貴之,わだ たかゆき,1976-06-19,男,東京都
C00000984,稲垣 雪恵,いながき ゆきえ,2003-08-09,女,神奈川県
C00000985,大川 良美,おおかわ よしみ,1995-03-20,女,京都府
C00000986,渡部 弘樹,わたなべ ひろき,2007-04-06,男,北海道
C00000987,谷口 勉,たにぐち つとむ,1983-01-24,男,愛知県
C00000988,菊地 正洋,きくち まさひろ,1999-09-12,男,東京都
C00000989,村上 建,むらかみ けん,1981-08-27,男,北海道
C00000990,森 章太,もり しょうた,1988-02-09,女,愛知県
C00000991,片岡 亜実,かたおか あみ,2000-07-23,女,東京都
C00000992,楯 有希子,たて ゆきこ,2007-03-04,女,東京都
C00000993,山川 弘徳,やまかわ ひろのり,1995-08-19,男,東京都
C00000994,北原 千香子,きたはら ちかこ,1976-04-07,女,沖縄県
C00000995,西 冬美,にし ふゆみ,1982-08-09,女,千葉県
C00000996,阿部 直子,あべ なおこ,1978-11-08,女,東京都
C00000997,肥田 陽一,ひだ よういち,1990-04-29,男,神奈川県
C00000998,北岡 直子,きたおか なおこ,1998-01-04,女,東京都
C00000999,植木 亘,うえき わたる,1982-03-14,男,東京都
C00001000,高橋 宏行,たかはし ひろゆき,1987-12-12,男,東京都
C00001001,今井 芳昭,いまい よしあき,1981-04-28,男,熊本県
C00001002,本田 美有紀,ほんだ みゆき,1990-04-18,女,東京都
C00001003,宮本 篤,みやもと あつし,1974-11-12,男,千葉県
C00001004,玉井 修,たまい おさむ,1975-05-26,男,北海道
C00001005,新堂 明日香,しんどう あすか,1992-05-28,女,東京都
C00001006,山川 太輔,やまかわ たすけ,1980-01-02,男,東京都
C00001007,荒川 康大,あらかわ やすひろ,1998-09-08,男,岐阜県
C00001008,古田 昌秀,ふるた まさひで,1974-07-26,男,東京都
C00001009,石田 緑,いしだ みどり,2001-04-08,女,北海道
C00001010,高橋 浩一,たかはし こういち,2000-01-21,男,東京都
C00001011,赤沼 彩,あかぬま あや,1977-03-01,女,埼玉県
C00001012,中村 綾子,なかむら あやこ,2002-06-22,女,京都府
C00001013,武田 進,たけだ すすむ,2002-02-19,男,東京都
C00001014,江田 義和,えだ よしかず,1983-05-15,男,東京都
C00001015,都倉 理恵,とくら りえ,2001-11-29,女,東京都
C00001016,村上 康代,むらかみ やすよ,2002-02-16,女,東京都
C00001017,江良 勝也,えら かつや,1976-09-02,男,茨城県
C00001018,中山 俊樹,なかやま としき,1995-12-13,男,岡山県
C00001019,高橋 邦宏,たかはし くにひろ,1998-06-27,男,大阪府
C00001020,松永 慎也,まつなが しんや,2000-04-12,男,兵庫県
C00001021,村山 正尚,むらやま まさなお,1987-01-27,男,神奈川県
C00001022,大野 隆二,おおの りゅうじ,2002-11-06,男,埼玉県
C00001023,原田 早希,はらだ さき,1979-10-10,女,東京都
C00001024,小川 綾,おがわ あや,2001-05-27,女,沖縄県
C00001025,今井 源太郎,いまい げんたろう,1972-02-18,男,沖縄県
C00001026,白川 佳奈,しらかわ かな,1995-07-27,女,北海道
C00001027,菊池 愛美,きくち めぐみ,1989-09-04,女,神奈川県
C00001028,成田 美由貴,なりた みゆき,1988-04-10,女,東京都
C00001029,浅井 裕子,あさい ゆうこ,1974-10-13,女,兵庫県
C00001030,林田 聡,はやしだ あきら,1988-10-22,男,東京都
C00001031,金田 紀子,かねだ のりこ,1983-06-16,女,大阪府
C00001032,佐藤 博之,さとう ひろゆき,1986-06-04,男,東京都
C00001033,玉木 絢香,たまき あやか,1999-09-03,女,埼玉県
C00001034,田村 ゆか,たむら ゆか,1974-11-20,女,神奈川県
C00001035,立川 良,たちかわ りょう,2000-01-03,男,東京都
C00001036,望月 めぐみ,もちづき めぐみ,1974-08-06,女,福島県
C00001037,高橋 貴代,たかはし きよ,1996-01-06,女,兵庫県
C00001038,鄭 由紀乃,てい ゆきの,1980-06-05,女,東京都
C00001039,島田 寛子,しまだ ひろこ,2000-08-26,女,大阪府
C00001040,福永 光司,ふくなが こうじ,1995-09-06,男,東京都
C00001041,飯島 勲,いいじま いさお,1996-01-02,男,岐阜県
C00001042,山下 香織,やました かおり,1982-02-04,女,東京都
C00001043,宮崎 可奈子,みやざき かなこ,1990-12-28,女,大阪府
C00001044,松浪 好美,まつなみ よしみ,1978-09-05,女,長野県
C00001045,片山 栄,かたやま さかえ,1993-07-02,女,愛知県
C00001046,井原 朋子,いはら ともこ,1975-02-27,女,北海道
C00001047,北 宏子,きた ひろこ,1990-10-27,女,大阪府
C00001048,宮下 結香,みやした ゆか,1972-02-04,女,東京都
C00001049,福村 万里子,ふくむら まりこ,1997-10-01,女,福岡県
C00001050,太田 晋平,おおた しんぺい,1972-08-16,男,福岡県
C00001051,田中 和也,たなか かずや,1975-06-25,男,埼玉県
C00001052,飯塚 学,いいづか まなぶ,2001-09-27,男,愛知県
C00001053,本多 小百合,ほんだ さゆり,1976-02-26,女,千葉県
C00001054,井上 千春,いのうえ ちはる,2007-03-03,女,熊本県
C00001055,栗原 静香,くりはら しずか,2002-05-25,女,東京都
C00001056,藤枝 雄輔,ふじえだ ゆうすけ,2007-02-06,男,大阪府
C00001057,梅原 浩子,うめはら ひろこ,1991-09-13,女,東京都
C00001058,高田 秀典,たかだ ひでのり,1983-08-25,男,山梨県
C00001059,豊田 哲司,とよだ さとし,2007-01-23,男,山口県
C00001060,星 文香,ほし あやか,2001-06-12,女,大阪府
C00001061,田中 智香子,たなか ちかこ,1975-04-12,女,東京都
C00001062,宮原 愛,みやはら あい,2004-11-09,女,高知県
C00001063,渡辺 真奈美,わたなべ まなみ,1988-06-13,女,広島県
C00001064,松本 裕紀,まつもと ひろのり,1993-01-25,女,東京都
C00001065,小島 友美,こじま ゆみ,1973-05-28,女,福岡県
C00001066,香取 修,かとり おさむ,2005-02-23,男,東京都
C00001067,及川 直人,おいかわ なおと,2000-09-15,男,長野県
C00001068,吉田 大樹,よしだ たいき,1980-06-28,男,愛知県
C00001069,齋藤 恭子,さいとう きょうこ,2003-05-07,女,大阪府
C00001070,鵜飼 美保,うかい みほ,1975-04-06,女,東京都
C00001071,橋爪 明日香,はしづめ あすか,1982-12-09,女,群馬県
C00001072,中村 紀幸,なかむら のりゆき,2004-02-26,男,千葉県
C00001073,廣田 裕人,ひろた ひろと,2006-12-22,男,大阪府
C00001074,小川 美絵,おがわ みえ,1999-08-29,女,愛媛県
C00001075,小山 亮人,こやま あきひと,2005-03-25,男,愛媛県
C00001076,篠原 悠里子,しのはら ゆりこ,1983-11-21,女,東京都
C00001077,岩本 祐樹,いわもと ゆうき,1977-01-05,男,東京都
C00001078,山本 雅文,やまもと まさふみ,1996-12-11,男,岐阜県
C00001079,長谷川 まみ,はせがわ まみ,1986-10-07,女,神奈川県
C00001080,室井 将,むろい まさる,1994-07-31,男,東京都
C00001081,堀江 裕美子,ほりえ ゆみこ,1994-10-06,女,東京都
C00001082,伊藤 正平,いとう しょうへい,1976-07-26,男,東京都
C00001083,青木 麻子,あおき あさこ,2003-07-18,女,東京都
C00001084,小林 賢治,こばやし けんじ,1987-01-13,男,埼玉県
C00001085,丹野 佐知子,たんの さちこ,1986-09-03,女,東京都
C00001086,木村 律子,きむら りつこ,1980-01-16,女,神奈川県
C00001087,田中 聡,たなか あきら,1991-05-12,男,東京都
C00001088,岳 清子,たけ きよこ,1989-02-14,女,東京都
C00001089,中澤 靖隆,なかざわ やすたか,1994-04-25,男,島根県
C00001090,高城 総一,たかぎ そういち,1974-01-30,男,神奈川県
C00001091,松本 芳子,まつもと よしこ,1995-08-23,女,東京都
C00001092,黒石 倫世,くろいし みちよ,1973-06-28,女,福岡県
C00001093,三ツ井 宏幸,みつい ひろゆき,2001-09-17,男,東京都
C00001094,大澤 貴大,おおさわ たかひろ,1999-04-01,男,福岡県
C00001095,杉山 剛,すぎやま つよし,1974-05-04,男,長野県
C00001096,根岸 豊,ねぎし ゆたか,1985-05-01,男,大阪府
C00001097,小松 淳,こまつ じゅん,1996-06-06,男,東京都
C00001098,須貝 なおこ,すがい なおこ,1985-05-16,女,千葉県
C00001099,半澤 麻美,はんざわ あさみ,2003-02-04,女,千葉県
C00001100,望月 紀子,もちづき のりこ,1991-01-31,女,大阪府
C00001101,高橋 泰裕,たかはし やすひろ,1989-10-01,男,広島県
C00001102,佐藤 雅彦,さとう まさひこ,2004-10-21,男,大阪府
C00001103,内田 麻衣子,うちだ まいこ,1987-07-12,女,福岡県
C00001104,江川 真理子,えがわ まりこ,1991-10-19,女,兵庫県
C00001105,石川 泰司,いしかわ やすし,1984-08-30,男,福岡県
C00001106,山口 幸栄,やまぐち ゆきえ,1982-12-31,女,千葉県
C00001107,成清 絢子,なりきよ じゅんこ,2003-12-18,女,滋賀県
C00001108,上原 正彦,うえはら まさひこ,1976-12-03,男,岡山県
C00001109,澤田 彩,さわだ あや,2007-08-18,女,東京都
C00001110,鶴田 佳純,つるた かすみ,1993-08-04,女,東京都
C00001111,門永 勝司,かどなが かつし,1985-12-19,男,千葉県
C00001112,川添 健宏,かわぞえ たけひろ,2004-04-27,男,東京都
C00001113,東原 慶子,ひがしはら けいこ,1987-08-15,女,山梨県
C00001114,新井 明美,あらい あけみ,1987-09-05,女,東京都
C00001115,江木 彩子,えぎ さいこ,1986-08-13,女,宮城県
C00001116,井川 晋介,いかわ しんすけ,1981-12-07,男,東京都
C00001117,藤田 悠介,ふじた ゆうすけ,1975-12-16,男,千葉県
C00001118,川口 久美子,かわぐち くみこ,1990-04-27,女,兵庫県
C00001119,阿久津 郁実,あくつ いくみ,1991-07-17,女,大阪府
C00001120,志田 龍,しだ りゅう,1993-05-19,男,東京都
C00001121,藤田 英里,ふじた えり,1983-06-28,女,群馬県
C00001122,加藤 元晴,かとう もとはる,1998-09-30,男,東京都
C00001123,水口 和美,みずぐち かずみ,1980-03-13,女,千葉県
C00001124,小泉 まみ,こいずみ まみ,1975-03-25,女,東京都
C00001125,甲斐 健太朗,かい けんたろう,1978-09-22,男,東京都
C00001126,岡本 佑太,おかもと ゆうた,1980-12-17,男,神奈川県
C00001127,橋本 ちひろ,はしもと ちひろ,1991-10-23,女,山梨県
C00001128,木下 洋子,きのした ようこ,2000-01-06,女,埼玉県
C00001129,渡辺 聡,わたなべ あきら,1994-05-08,男,東京都
C00001130,宮尾 あかね,みやお あかね,2003-09-02,女,東京都
C00001131,本多 歩,ほんだ あゆみ,2002-08-10,男,愛知県
C00001132,松本 美奈,まつもと みな,1980-01-02,女,北海道
C00001133,正井 容子,まさい ひろこ,2003-07-15,女,神奈川県
C00001134,大原 素子,おおはら もとこ,1990-02-13,女,東京都
C00001135,加藤 啓子,かとう けいこ,1971-12-16,女,東京都
C00001136,江藤 聡,えとう あきら,1998-05-19,男,福岡県
C00001137,藤井 昌宏,ふじい まさひろ,1971-10-28,男,大阪府
C00001138,吉沢 綾香,よしざわ あやか,2003-09-15,女,和歌山県
C00001139,吉岡 智彦,よしおか ともひこ,1993-04-25,男,広島県
C00001140,宇佐美 邦雄,うさみ くにお,1981-08-13,男,神奈川県
C00001141,北詰 健志,きたづめ けんじ,1991-03-21,男,埼玉県
C00001142,渡辺 奈々,わたなべ なな,1994-02-07,女,東京都
C00001143,松村 真吾,まつむら しんご,1982-03-03,男,埼玉県
C00001144,山田 修一,やまだ しゅういち,1996-12-22,男,神奈川県
C00001145,飯田 史,いいだ ふみ,1999-01-21,男,東京都
C00001146,斉藤 博,さいとう ひろし,1986-05-13,男,東京都
C00001147,今野 信二,こんの しんじ,1987-06-02,男,兵庫県
C00001148,平本 裕子,ひらもと ゆうこ,1977-01-27,女,東京都
C00001149,川野 恵美,かわの えみ,1987-08-18,女,宮城県
C00001150,大堀 一郎,おおほり いちろう,1977-02-15,男,東京都
C00001151,長谷川 昭彦,はせがわ あきひこ,1988-11-17,男,東京都
C00001152,平塚 竜太,ひらつか りょうた,1974-01-21,男,愛知県
C00001153,大野 めぐみ,おおの めぐみ,2001-04-23,女,大阪府
C00001154,奥野 裕之,おくの ひろゆき,1979-03-25,男,埼玉県
C00001155,谷尾 智子,たにお ともこ,1981-06-13,女,静岡県
C00001156,関根 絵里,せきね えり,1998-05-30,女,東京都
C00001157,伊藤 智樹,いとう ともき,1985-06-01,男,北海道
C00001158,武田 恵,たけだ めぐみ,1985-02-17,女,福岡県
C00001159,森 耕平,もり こうへい,1979-04-22,男,兵庫県
C00001160,貝瀬 純一,かいせ じゅんいち,2005-01-09,男,大阪府
C00001161,久保 賢一,くぼ けんいち,2001-05-13,男,大阪府
C00001162,竹中 康之,たけなか やすゆき,2005-10-26,男,東京都
C00001163,古賀 徹也,こが てつや,2002-02-09,男,東京都
C00001164,山口 潤,やまぐち じゆん,2004-02-05,男,東京都
C00001165,篠原 直樹,しのはら なおき,1982-09-09,男,大阪府
C00001166,小牧 真奈美,こまき まなみ,1975-07-09,女,大阪府
C00001167,水谷 祥太,みずたに しょうた,2004-03-29,男,埼玉県
C00001168,石川 茉美,いしかわ まみ,2005-11-25,女,北海道
C00001169,前田 典弘,まえだ のりひろ,1974-09-13,男,東京都
C00001170,磯崎 千絵子,いそざき ちえこ,1993-01-21,女,東京都
C00001171,大里 秀樹,おおさと ひでき,1997-09-05,男,青森県
C00001172,森 信太朗,もり しんたろう,1984-10-27,男,東京都
C00001173,三田村 奈津美,みたむら なつみ,2000-01-30,女,東京都
C00001174,久保 弘子,くぼ ひろこ,1987-05-16,女,東京都
C00001175,大井 正樹,おおい まさき,2000-08-28,男,東京都
C00001176,茂木 和義,もぎ かずよし,1998-06-20,男,埼玉県
C00001177,杉浦 富士子,すぎうら ふじこ,1987-08-07,女,千葉県
C00001178,松尾 哲朗,まつお てつろう,2002-05-27,男,愛知県
C00001179,副田 剛史,そえだ たけし,1992-09-14,男,宮城県
C00001180,奥野 沙織,おくの さおり,1978-09-20,女,愛知県
C00001181,古澤 明子,ふるさわ あきこ,1987-12-25,女,鹿児島県
C00001182,櫻井 浩,さくらい ひろし,1988-06-15,男,福岡県
C00001183,森 美華,もり みか,1983-12-22,女,大阪府
C00001184,竹内 憲司,たけうち けんじ,1983-04-30,男,新潟県
C00001185,吉田 美代子,よしだ みよこ,1994-01-13,女,栃木県
C00001186,木村 さなえ,きむら さなえ,1972-01-06,女,東京都
C00001187,高橋 育子,たかはし いくこ,1974-08-24,女,宮城県
C00001188,福田 諒,ふくだ りょう,2004-02-15,男,徳島県
C00001189,栗原 里沙,くりはら りさ,1977-08-26,女,東京都
C00001190,手塚 信雄,てづか のぶお,1990-11-15,男,東京都
C00001191,岩崎 渚,いわさき なぎさ,1974-12-04,女,東京都
C00001192,近藤 祐子,こんどう ゆうこ,1978-09-29,女,東京都
C00001193,甲斐田 まりこ,かいだ まりこ,1995-09-29,女,東京都
C00001194,山田 未来,やまだ みき,1981-12-10,女,東京都
C00001195,近藤 八重子,こんどう やいこ,1992-03-11,女,東京都
C00001196,乾 卓也,いぬい たくや,1980-04-12,男,東京都
C00001197,井坂 真紀,いさか まき,2003-02-19,女,宮城県
C00001198,緒方 裕樹,おがた ゆうき,1999-09-04,男,北海道
C00001199,武田 楓,たけだ ふう,1996-04-19,女,大阪府
C00001200,中森 信義,なかもり のぶよし,1991-08-25,男,長野県
C00001201,稲山 裕樹,いなやま ゆうき,1973-11-11,男,愛知県
C00001202,佐藤 繁,さとう しげる,1973-07-09,男,東京都
C00001203,井上 直也,いのうえ なおや,2001-09-27,男,東京都
C00001204,間瀬 ちあき,ませ ちあき,2002-01-18,女,鹿児島県
C00001205,伊藤 佳美,いとう よしみ,1979-02-03,女,千葉県
C00001206,宮本 あゆみ,みやもと あゆみ,1973-03-28,女,東京都
C00001207,岩崎 綾子,いわさき あやこ,1994-12-28,女,大阪府
C00001208,戸塚 恵里,とつか えり,1997-09-02,女,栃木県
C00001209,坪田 里佳,つぼた りか,1992-04-27,女,兵庫県
C00001210,田中 明子,たなか あきこ,2000-03-19,女,兵庫県
C00001211,中村 かほる,なかむら かほる,1991-02-28,女,東京都
C00001212,濱口 誠治,はまぐち せいじ,1998-06-20,男,大阪府
C00001213,藤原 碧,ふじわら みどり,1989-06-04,女,青森県
C00001214,大竹 裕介,おおたけ ゆうすけ,2005-10-10,男,東京都
C00001215,白鳥 純平,しらとり じゅんぺい,1981-05-05,男,東京都
C00001216,穴澤 陽一,あなざわ よういち,2000-02-06,男,岐阜県
C00001217,清水 歩,しみず あゆみ,1994-07-07,女,大阪府
C00001218,依田 さやか,よだ さやか,1974-01-26,女,秋田県
C00001219,吉澤 恒太,よしざわ こうた,1997-11-22,男,兵庫県
C00001220,大野 亜弥,おおの あや,1995-05-10,女,茨城県
C00001221,小出 真理,こいで まり,1995-08-02,女,東京都
C00001222,須永 圭子,すなが けいこ,1986-04-22,女,広島県
C00001223,松尾 聡美,まつお さとみ,1972-03-14,女,東京都
C00001224,田中 修治,たなか しゅうじ,1972-12-15,男,北海道
C00001225,鈴木 雅敏,すずき まさとし,2007-05-24,男,大阪府
C00001226,中村 いづみ,なかむら いづみ,1990-08-10,女,神奈川県
C00001227,青木 俊晴,あおき としはる,1978-09-13,男,東京都
C00001228,佐藤 綾子,さとう あやこ,1995-08-22,女,大阪府
C00001229,名倉 弘道,なぐら ひろみち,1973-07-16,男,埼玉県
C00001230,小林 太郎,こばやし たろう,1979-08-27,男,福岡県
C00001231,三浦 憲昭,みうら のりあき,1975-08-03,男,東京都
C00001232,山内 理恵,やまうち りえ,2006-12-17,女,神奈川県
C00001233,山崎 ちひろ,やまざき ちひろ,1978-02-09,女,東京都
C00001234,中野 美香,なかの みか,1994-02-15,女,東京都
C00001235,藤岡 みゆき,ふじおか みゆき,1990-04-19,女,東京都
C00001236,中 大樹,なか たいき,1996-12-30,男,東京都
C00001237,與田 恵子,よだ けいこ,1990-02-11,女,宮城県
C00001238,谷口 剛,たにぐち つよし,2001-10-21,男,東京都
C00001239,半澤 久美子,はんざわ くみこ,1981-06-03,女,千葉県
C00001240,三浦 亜矢,みうら あや,1978-12-12,女,東京都
C00001241,藤沼 利文,ふじぬま としふみ,1993-07-06,男,愛媛県
C00001242,立川 英夫,たちかわ ひでお,1979-04-06,男,東京都
C00001243,浅井 哲也,あさい てつや,1995-11-07,男,福岡県
C00001244,長屋 光輝,ながや みつてる,1993-12-02,男,神奈川県
C00001245,上野 亜矢,うえの あや,1995-06-18,女,福岡県
C00001246,松本 美帆,まつもと みほ,1988-10-31,女,東京都
C00001247,相川 美奈子,あいかわ みなこ,2002-04-21,女,東京都
C00001248,古庄 勇介,ふるしょう ゆうすけ,1972-07-15,男,神奈川県
C00001249,増田 幸恵,ますだ ゆきえ,2007-06-26,女,兵庫県
C00001250,中村 桃代,なかむら ももよ,1977-09-28,女,東京都
C00001251,足助 よしみ,あすけ よしみ,1999-02-19,女,岐阜県
C00001252,川越 秀美,かわごえ ひでみ,1996-08-19,女,北海道
C00001253,三木 彩香,みき あやか,1993-05-21,女,熊本県
C00001254,西山 昌代,にしやま まさよ,1979-08-04,女,東京都
C00001255,近藤 澄子,こんどう すみこ,1976-06-27,女,神奈川県
C00001256,平田 知江,ひらた ちえ,1996-02-03,女,新潟県
C00001257,太田 真琴,おおた まこと,1975-02-27,女,石川県
C00001258,大場 啓志,おおば ひろし,2005-09-21,男,東京都
C00001259,木村 奈津,きむら なつ,1991-06-22,女,大阪府
C00001260,三木 芳樹,みき よしき,2001-08-28,男,東京都
C00001261,林 順也,はやし じゅんや,2002-07-29,男,大阪府
C00001262,本庄 育子,ほんじょう いくこ,1979-02-14,女,兵庫県
C00001263,大澤 大輔,おおさわ だいすけ,1989-03-02,男,大阪府
C00001264,相澤 隆生,あいざわ たかお,1985-12-28,男,埼玉県
C00001265,外山 祐介,とやま ゆうすけ,1986-04-04,男,神奈川県
C00001266,木村 龍二,きむら りゅうじ,1986-01-01,男,長野県
C00001267,工藤 一生,くどう いっしょう,1985-06-22,男,静岡県
C00001268,木村 良子,きむら よしこ,2007-03-15,女,東京都
C00001269,三宅 隆昭,みやけ たかあき,2004-03-06,男,大阪府
C00001270,佐藤 ほなみ,さとう ほなみ,1998-03-20,女,東京都
C00001271,松尾 翔子,まつお しょうこ,1989-01-12,女,東京都
C00001272,加藤 茂樹,かとう しげき,2007-05-09,男,神奈川県
C00001273,川上 広喜,かわかみ ひろき,1982-08-15,男,東京都
C00001274,大阪 麻衣子,おおさか まいこ,2007-10-15,女,東京都
C00001275,山本 さよ,やまもと さよ,1974-01-03,女,神奈川県
C00001276,坂本 崇,さかもと たかし,1980-03-30,男,大阪府
C00001277,山田 晴夫,やまだ はるお,1993-12-09,男,東京都
C00001278,池部 愛子,いけべ あいこ,1991-04-22,女,岐阜県
C00001279,佐藤 徹也,さとう てつや,1988-07-30,男,群馬県
C00001280,前川 和雄,まえかわ かずお,1974-11-12,男,埼玉県
C00001281,岩崎 英樹,いわさき ひでき,2007-06-20,男,東京都
C00001282,塚原 透,つかはら とおる,2002-07-24,男,大阪府
C00001283,石河 勇介,いしかわ ゆうすけ,1993-04-09,男,東京都
C00001284,山下 梓,やました あずさ,1990-10-17,女,神奈川県
C00001285,羽柴 なつみ,はしば なつみ,1988-01-22,女,大阪府
C00001286,小林 明子,こばやし あきこ,1981-07-08,女,東京都
C00001287,加瀬 仁志,かせ ひとし,1974-05-27,男,北海道
C00001288,中西 淳,なかにし じゅん,2005-08-06,男,北海道
C00001289,小貫 秀樹,おぬき ひでき,2005-06-02,男,埼玉県
C00001290,久保 裕輔,くぼ ゆうすけ,1989-11-09,男,大阪府
C00001291,伊藤 康介,いとう やすゆき,1981-03-12,男,大阪府
C00001292,江戸 覚,えど さとる,1998-10-31,男,東京都
C00001293,多賀 奈都子,たが なつこ,1976-04-11,女,埼玉県
C00001294,児島 健,こじま けん,1977-05-14,男,北海道
C00001295,横山 彩,よこやま あや,1998-02-07,女,千葉県
C00001296,川島 晶子,かわしま しょうこ,2004-02-06,女,埼玉県
C00001297,山崎 康之,やまざき やすゆき,1992-04-12,男,千葉県
C00001298,岡 拓弥,おか たくや,1985-05-20,男,千葉県
C00001299,玉木 恭子,たまき きょうこ,1973-12-02,女,広島県
C00001300,須田 祐也,すだ ゆうや,2000-12-17,男,大阪府
C00001301,坂東 健太郎,ばんどう けんたろう,1994-01-31,男,東京都
C00001302,金成 哲也,かなり てつや,1998-06-04,男,北海道
C00001303,細井 由紀子,ほそい ゆきこ,1991-07-18,女,福岡県
C00001304,中山 真琴,なかやま まこと,2005-04-10,女,佐賀県
C00001305,井上 良一,いのうえ りょう,1984-07-31,男,北海道
C00001306,木村 智樹,きむら ともき,1972-01-12,男,宮城県
C00001307,小倉 路子,おぐら みちこ,1990-01-25,女,大阪府
C00001308,佐藤 聖太,さとう しょうた,2005-02-06,男,東京都
C00001309,山下 智美,やました ともみ,1976-01-23,女,高知県
C00001310,原口 奈緒子,はらぐち なおこ,1975-11-22,女,鹿児島県
C00001311,川島 由紀子,かわしま ゆきこ,2000-12-30,女,栃木県
C00001312,信川 隆裕,のぶかわ たかひろ,1989-04-28,男,東京都
C00001313,松田 雅紀,まつだ まさのり,1997-10-02,男,愛知県
C00001314,山田 恵,やまだ めぐみ,1981-05-05,女,東京都
C00001315,三宅 誠,みやけ まこと,1986-04-20,男,東京都
C00001316,森岡 誠司,もりおか せいじ,1980-11-20,男,福島県
C00001317,岩永 朋美,いわなが ともみ,1977-09-28,女,東京都
C00001318,熱田 李奈,あつた りな,1980-02-10,女,富山県
C00001319,堺 浩,さかい ひろし,1992-02-11,男,神奈川県
C00001320,千原 治子,ちはら はるこ,2002-05-07,女,東京都
C00001321,深井 裕也,ふかい ゆうや,1996-07-18,男,愛知県
C00001322,宇留野 みずき,うるの みずき,1985-01-02,女,石川県
C00001323,岩本 陽子,いわもと ようこ,1981-06-01,女,沖縄県
C00001324,半田 太,はんだ ふとし,1980-09-20,男,東京都
C00001325,美馬 晃佑,みま こうすけ,1987-12-24,男,岡山県
C00001326,蒲田 さやか,かまた さやか,1973-02-19,女,千葉県
C00001327,小川 大輔,おがわ だいすけ,1979-06-13,男,兵庫県
C00001328,松山 麻由子,まつやま まゆこ,1993-10-30,女,東京都
C00001329,須山 佳宏,すやま よしひろ,1984-12-19,男,東京都
C00001330,黒澤 加奈子,くろさわ かなこ,1977-06-03,女,大阪府
C00001331,鷲野 丈志,わしの たけし,1992-11-16,男,沖縄県
C00001332,鈴木 夏輝,すずき なつき,1985-08-02,女,東京都
C00001333,江守 裕之,えもり ひろゆき,1972-05-22,男,大阪府
C00001334,野畑 哲也,のばた てつや,1997-04-29,男,高知県
C00001335,鈴木 愛子,すずき あいこ,1988-03-12,女,北海道
C00001336,川越 智子,かわごえ ともこ,1988-07-08,女,沖縄県
C00001337,川手 雄一,かわて ゆういち,1990-06-13,男,埼玉県
C00001338,大西 千紘,おおにし ちひろ,1991-01-31,女,東京都
C00001339,長澤 沙耶,ながさわ さや,1991-05-19,女,兵庫県
C00001340,山城 郁乃,やましろ いくの,2007-08-31,女,千葉県
C00001341,清水 なつみ,しみず なつみ,1996-07-28,女,神奈川県
C00001342,榊原 謙治,さかきばら けんじ,1975-02-11,男,東京都
C00001343,森田 かりん,もりた かりん,1985-09-10,女,埼玉県
C00001344,小林 和弘,こばやし かずひろ,1998-03-20,男,愛知県
C00001345,関口 大,せきぐち だい,1990-01-11,男,福岡県
C00001346,岡崎 雄一,おかざき ゆういち,2005-02-21,男,福岡県
C00001347,中上 優子,なかがみ ゆうこ,1987-02-18,女,神奈川県
C00001348,村松 慈,むらまつ ちか,1998-08-25,女,東京都
C00001349,北風 早智,きたかぜ さち,2000-07-19,女,東京都
C00001350,上野 康浩,うえの やすひろ,2000-11-22,男,東京都
C00001351,渡辺 千恵美,わたなべ ちえみ,2005-12-10,女,神奈川県
C00001352,山野 純,やまの あや,1980-05-25,男,兵庫県
C00001353,桑田 史子,くわた ふみこ,1995-12-20,女,大阪府
C00001354,井澤 けいこ,いざわ けいこ,1986-05-11,女,北海道
C00001355,安藤 奈津子,あんどう なつこ,2003-05-23,女,大阪府
C00001356,伊藤 裕子,いとう ゆうこ,1997-07-16,女,福岡県
C00001357,山根 泰,やまね やすし,1973-03-30,男,大阪府
C00001358,立花 聡美,たちばな さとみ,1974-06-21,女,大阪府
C00001359,鯨井 民子,くじらい たみこ,1986-01-04,女,東京都
C00001360,坂本 正憲,さかもと まさのり,1999-10-29,男,兵庫県
C00001361,肥田 裕美,ひだ ゆみ,1985-01-10,女,兵庫県
C00001362,加納 富士子,かのう ふじこ,2001-11-23,女,東京都
C00001363,笹田 和己,ささだ かずき,1975-06-17,男,東京都
C00001364,村松 ゆかり,むらまつ ゆかり,2001-12-05,女,広島県
C00001365,泉 功,いずみ いさお,2007-05-09,男,東京都
C00001366,田中 友里,たなか ゆり,1974-12-31,女,東京都
C00001367,酒井 麻美,さかい あさみ,1976-11-12,女,福岡県
C00001368,江崎 嘉一,えざき かいち,1972-05-03,男,東京都
C00001369,阿部 篤,あべ あつし,1983-03-18,男,神奈川県
C00001370,柴田 利枝,しばた りえ,1983-07-30,女,神奈川県
C00001371,長崎 彩希,ながさき あやき,1993-12-25,女,沖縄県
C00001372,馬渕 亜矢子,まぶち あやこ,1976-01-07,女,東京都
C00001373,長澤 美和,ながさわ みわ,1998-02-16,女,東京都
C00001374,高山 健,たかやま けん,1999-07-23,男,北海道
C00001375,北村 さちこ,きたむら さちこ,2003-01-26,女,神奈川県
C00001376,関 直史,せき なおふみ,1972-06-11,男,神奈川県
C00001377,藤中 亜衣,ふじなか あい,1996-01-04,女,北海道
C00001378,田中 進,たなか すすむ,1994-05-24,男,広島県
C00001379,中村 伸太郎,なかむら しんたろう,1995-09-14,男,埼玉県
C00001380,酒井 学,さかい まなぶ,1998-05-31,男,千葉県
C00001381,森田 明日香,もりた あすか,1974-11-21,女,愛知県
C00001382,田中 舞子,たなか まいこ,2005-05-18,女,東京都
C00001383,齊藤 由紀,さいとう ゆき,1999-05-08,女,広島県
C00001384,町田 真美,まちだ まみ,1973-07-18,女,東京都
C00001385,吉澤 あかね,よしざわ あかね,1988-05-27,女,東京都
C00001386,川上 秀明,かわかみ ひであき,1999-03-31,男,大阪府
C00001387,稲井 真弓,いない まゆみ,1979-10-22,女,埼玉県
C00001388,福井 翠,ふくい みどり,2004-10-31,女,東京都
C00001389,大槻 遥,おおつき はるか,1997-09-26,女,山口県
C00001390,松下 翔吾,まつした しょうご,1995-06-16,男,大阪府
C00001391,中根 修,なかね おさむ,1985-07-03,男,東京都
C00001392,橋本 由里子,はしもと ゆりこ,1999-09-05,女,大阪府
C00001393,坂本 友和,さかもと ともかず,2005-03-19,男,広島県
C00001394,吉開 佳祐,よしかい けいすけ,1986-09-21,男,神奈川県
C00001395,宮崎 健一,みやざき けんいち,1997-06-15,男,大阪府
C00001396,大村 暁,おおむら あき,1985-09-08,男,千葉県
C00001397,池田 香,いけだ かおり,1972-10-21,女,大阪府
C00001398,福山 裕子,ふくやま ゆうこ,1981-05-08,女,東京都
C00001399,石井 龍,いしい りゅう,1972-12-25,男,青森県
C00001400,福島 由美子,ふくしま ゆみこ,1998-12-15,女,鹿児島県
C00001401,土屋 悠子,つちや ゆうこ,1983-08-04,女,東京都
C00001402,水越 綾子,みずこし あやこ,1978-02-21,女,静岡県
C00001403,朽木 康之,くちき やすゆき,1977-02-06,男,埼玉県
C00001404,弘中 知佳,ひろなか ちか,1972-09-10,女,東京都
C00001405,相良 稚子,さがら わかこ,1973-12-16,女,大阪府
C00001406,梶 恭子,かじ きょうこ,1986-01-18,女,東京都
C00001407,堀之内 明寛,ほりのうち あきひろ,1987-11-01,男,千葉県
C00001408,戸田 博紀,とだ ひろき,2001-10-21,男,京都府
C00001409,浅野 仁,あさの ひとし,1993-09-27,男,石川県
C00001410,杉 学,すぎ まなぶ,1973-03-01,男,大阪府
C00001411,寺崎 英仁,てらさき ひでとし,1972-09-18,男,東京都
C00001412,竹内 あい,たけうち あい,1972-06-07,女,埼玉県
C00001413,佐野 秀朗,さの ひでお,1978-10-01,男,兵庫県
C00001414,安田 有香,やすだ ゆか,1984-10-13,女,東京都
C00001415,倉田 雅基,くらた まさき,1990-07-18,男,沖縄県
C00001416,梅本 達也,うめもと たつや,2005-04-15,男,神奈川県
C00001417,佐藤 祐子,さとう ゆうこ,1984-05-10,女,千葉県
C00001418,小野 芳子,おの よしこ,1988-10-22,女,群馬県
C00001419,吉原 威,よしはら たけし,1980-02-13,男,千葉県
C00001420,大島 航平,おおしま こうへい,1995-02-06,男,兵庫県
C00001421,佐々木 華奈,ささき かな,2002-12-02,女,東京都
C00001422,島 雄一,しま ゆういち,1994-03-24,男,埼玉県
C00001423,山口 真理子,やまぐち まりこ,1987-12-31,女,東京都
C00001424,佐藤 渡,さとう わたる,1994-04-26,男,京都府
C00001425,大島 真吾,おおしま しんご,2003-04-25,男,静岡県
C00001426,高野 貴絵,たかの きえ,1990-09-02,女,神奈川県
C00001427,福武 麻実,ふくたけ あさみ,2006-06-08,女,熊本県
C00001428,税田 悠,さいた ひさし,1996-09-14,男,兵庫県
C00001429,関口 真大,せきぐち まさひろ,1998-11-29,男,三重県
C00001430,中川 拓人,なかがわ たくと,2004-12-22,男,東京都
C00001431,浦辺 悠,うらべ ひさし,1972-09-19,男,新潟県
C00001432,藤田 陽子,ふじた ようこ,1998-03-20,女,東京都
C00001433,吉田 健介,よしだ けんすけ,2005-09-10,男,神奈川県
C00001434,御船 真樹,みふね まさき,1986-04-18,女,秋田県
C00001435,上村 浩文,うえむら ひろふみ,1984-08-31,男,埼玉県
C00001436,森 博和,もり ひろかず,1987-07-09,男,東京都
C00001437,赤川 祐子,あかがわ ゆうこ,1982-08-23,女,大阪府
C00001438,粟村 慎吾,あわむら しんご,1980-07-24,男,福岡県
C00001439,中島 昌也,なかじま まさや,1972-06-01,男,大阪府
C00001440,岩岡 愛,いわおか あい,2003-04-30,女,新潟県
C00001441,西脇 則子,にしわき のりこ,2002-11-19,女,愛知県
C00001442,加藤 一美,かとう かずみ,1977-12-27,女,神奈川県
C00001443,赤間 祐基,あかま ゆうき,1999-02-01,男,東京都
C00001444,國田 圭佑,くにた けいすけ,2005-06-14,男,神奈川県
C00001445,藤牧 諒介,ふじまき りょうすけ,1996-11-07,男,東京都
C00001446,大川 幸弘,おおかわ ゆきひろ,1996-03-30,男,愛知県
C00001447,柴田 一成,しばた いっせい,1998-10-08,男,大分県
C00001448,大森 健史,おおもり たけし,1971-11-16,男,東京都
C00001449,榊原 智美,さかきばら ともみ,1979-12-10,女,東京都
C00001450,浅井 聡美,あさい さとみ,2007-07-27,女,神奈川県
C00001451,北村 友子,きたむら ともこ,2003-08-29,女,東京都
C00001452,板倉 麻紀,いたくら まき,2002-12-09,女,埼玉県
C00001453,植村 恵美,うえむら えみ,1974-06-15,女,沖縄県
C00001454,田島 圭,たじま けい,1997-04-22,男,兵庫県
C00001455,尾関 美保子,おぜき みほこ,2001-05-17,女,東京都
C00001456,小長井 純子,こながい じゅんこ,1986-03-13,女,兵庫県
C00001457,川口 葉子,かわぐち ようこ,1993-03-08,女,石川県
C00001458,辻 竜也,つじ たつや,1984-05-02,男,宮城県
C00001459,原 千代美,はら ちよみ,1976-01-17,女,東京都
C00001460,副島 恵美子,そえじま えみこ,1985-03-30,女,大阪府
C00001461,伊藤 俊哉,いとう としや,1996-06-04,男,奈良県
C00001462,深井 尚司,ふかい たかし,1991-04-19,男,栃木県
C00001463,白石 彩子,しらいし さいこ,1980-04-02,女,東京都
C00001464,木村 浩平,きむら こうへい,1981-01-31,男,東京都
C00001465,宮崎 秀昭,みやざき ひであき,1995-03-05,男,東京都
C00001466,小野沢 卓也,おのざわ たくや,1994-09-18,男,北海道
C00001467,吉田 哲士,よしだ てつし,1987-12-22,男,東京都
C00001468,小倉 直樹,おぐら なおき,1978-06-19,男,愛知県
C00001469,平田 真由美,ひらた まゆみ,2004-05-16,女,東京都
C00001470,遠藤 武,えんどう たける,1984-09-11,男,東京都
C00001471,古川 真理,ふるかわ まり,1974-10-25,女,大阪府
C00001472,林 司,はやし つかさ,1998-04-01,男,東京都
C00001473,大森 宗之,おおもり むねゆき,1974-10-13,男,兵庫県
C00001474,細田 琢也,ほそだ たくや,1989-04-24,男,東京都
C00001475,高柳 貴昭,たかやなぎ たかあき,2007-06-29,男,東京都
C00001476,大河原 由美,おおかわら ゆみ,1990-10-30,女,埼玉県
C00001477,伊藤 秀和,いとう ひでかず,2005-01-11,男,大阪府
C00001478,田村 敦子,たむら あつこ,1994-10-02,女,埼玉県
C00001479,深堀 由里子,ふかほり ゆりこ,1993-04-09,女,神奈川県
C00001480,浜野 知晃,はまの ともあき,2005-11-22,男,東京都
C00001481,伊藤 桃子,いとう ももこ,1993-11-10,女,兵庫県
C00001482,岡田 純子,おかだ じゅんこ,2007-04-29,女,千葉県
C00001483,岡 史也,おか のぶや,2004-08-07,男,宮城県
C00001484,綾部 顕,あやべ あきら,1983-05-16,男,大阪府
C00001485,五十嵐 美香,いがらし みか,1994-03-31,女,大阪府
C00001486,松本 博則,まつもと ひろのり,1994-04-24,男,東京都
C00001487,桝田 裕美,ますだ ゆみ,2000-10-12,女,東京都
C00001488,黒住 明子,くろずみ あきこ,1972-04-27,女,岐阜県
C00001489,池内 えり奈,いけうち えりな,1986-11-19,女,東京都
C00001490,山田 忍,やまだ しのぶ,1993-05-08,女,青森県
C00001491,川口 大輔,かわぐち だいすけ,2002-05-10,男,福岡県
C00001492,毛塚 明子,けづか あきこ,2003-04-03,女,栃木県
C00001493,林 千奈美,はやし ちなみ,2002-12-03,女,東京都
C00001494,高橋 貴博,たかはし たかひろ,1983-06-09,男,東京都
C00001495,芹川 玲子,せりかわ れいこ,2002-02-07,女,愛知県
C00001496,夏目 崇,なつめ たかし,1973-10-24,男,千葉県
C00001497,高木 亮子,たかぎ りょうこ,1992-02-22,女,岐阜県
C00001498,鈴木 楓,すずき ふう,1996-05-01,女,愛媛県
C00001499,青山 陽一,あおやま よういち,1991-11-09,男,東京都
C00001500,久保 大資,くぼ だいすけ,2002-07-31,男,北海道
C00001501,富田 竜郎,とみた たつろう,2000-11-20,男,神奈川県
C00001502,高萩 奈生子,たかはぎ なおこ,1981-05-10,女,群馬県
C00001503,齋藤 まいこ,さいとう まいこ,1974-04-21,女,兵庫県
C00001504,板東 知世,ばんどう ちせ,1994-03-31,女,滋賀県
C00001505,宮本 裕美,みやもと ゆみ,1982-07-17,女,神奈川県
C00001506,橋本 さとし,はしもと さとし,1978-12-29,男,福岡県
C00001507,福田 葉子,ふくだ ようこ,1973-03-18,女,埼玉県
C00001508,中川 詩織,なかがわ しおり,2007-02-26,女,大阪府
C00001509,熊谷 洋一郎,くまがい とういちろう,1993-03-28,男,広島県
C00001510,林部 祥子,はやしべ しょうこ,2006-08-24,女,神奈川県
C00001511,川崎 直人,かわさき なおと,2003-11-17,男,愛媛県
C00001512,野嶋 博美,のじま ひろみ,1986-08-31,女,埼玉県
C00001513,清水 直之,しみず ただゆき,1983-12-22,男,東京都
C00001514,須貝 清,すがい きよし,2003-03-24,男,千葉県
C00001515,倉橋 早耶香,くらはし さやか,1983-06-11,女,東京都
C00001516,川上 真弓,かわかみ まゆみ,1973-04-13,女,滋賀県
C00001517,江端 俊行,えばた としゆき,1982-05-28,男,千葉県
C00001518,大竹 知美,おおたけ さとみ,1998-04-03,女,福岡県
C00001519,中村 真理,なかむら まり,1999-08-22,女,北海道
C00001520,服部 武史,はっとり たけふみ,1990-03-01,男,北海道
C00001521,野原 貴生,のはら たかお,1985-12-03,男,愛知県
C00001522,稲垣 明菜,いながき あきな,1998-12-07,女,北海道
C00001523,神吉 貴也,かんき やかや,2000-11-17,男,愛知県
C00001524,山本 由季子,やまもと ゆきこ,1974-11-26,女,東京都
C00001525,塚田 茜,つかだ あかね,1978-11-08,女,東京都
C00001526,吉野 明美,よしの あけみ,1977-09-25,女,愛知県
C00001527,豊田 佑介,とよだ ゆうすけ,2006-01-28,男,東京都
C00001528,横山 玲子,よこやま れいこ,1992-03-01,女,神奈川県
C00001529,山崎 一朗,やまざき いちろー,1973-04-09,男,兵庫県
C00001530,柏原 一彦,かしわばら かずひこ,1978-11-20,男,千葉県
C00001531,上野 佳奈,うえの かな,1971-11-23,女,東京都
C00001532,高橋 正幸,たかはし まさゆき,1998-02-12,男,北海道
C00001533,黒川 和貴,くろかわ かずき,2004-03-24,男,東京都
C00001534,松山 博之,まつやま ひろゆき,1994-01-15,男,東京都
C00001535,伊東 憲,いとう ただし,1985-10-21,男,千葉県
C00001536,白谷 朋子,しらたに ともこ,1973-10-23,女,大阪府
C00001537,吉山 裕之,よしやま ひろゆき,1988-09-20,男,千葉県
C00001538,池 陽一,いけ よういち,1998-03-04,男,神奈川県
C00001539,森永 香,もりなが かおり,2006-06-28,女,千葉県
C00001540,山崎 真一,やまざき しんいち,2004-01-09,男,大阪府
C00001541,奥村 政博,おくむら まさひろ,1976-12-24,男,鳥取県
C00001542,三宅 智之,みやけ ともゆき,2004-07-28,男,東京都
C00001543,坂本 素子,さかもと もとこ,2004-10-12,女,東京都
C00001544,長谷川 寛之,はせがわ ひろゆき,1974-04-22,男,福岡県
C00001545,山田 賢一,やまだ けんいち,1978-08-04,男,東京都
C00001546,安東 記代,あんどう きよ,1998-08-07,女,熊本県
C00001547,浜本 恵,はまもと めぐみ,1994-03-14,女,大阪府
C00001548,三澤 優,みさわ ゆう,1975-09-01,女,長野県
C00001549,島田 幸子,しまだ さちこ,1984-01-21,女,東京都
C00001550,二口 公人,ふたくち まさと,1989-06-21,男,大阪府
C00001551,齊藤 和男,さいとう かずお,1995-09-27,男,神奈川県
C00001552,佐藤 智子,さとう ともこ,1975-02-26,女,東京都
C00001553,井本 未紗,いもと みさ,1974-04-16,女,福岡県
C00001554,今泉 裕一,いまいずみ ゆういち,1993-01-27,男,茨城県
C00001555,大城 和香奈,おおしろ わかな,1995-06-07,女,大阪府
C00001556,沼田 大輔,ぬまた だいすけ,2007-02-27,男,神奈川県
C00001557,市川 由佳子,いちかわ ゆかこ,2006-10-28,女,宮城県
C00001558,岩波 美奈子,いわなみ みなこ,2000-06-04,女,東京都
C00001559,辻本 明,つじもと あきら,1987-11-01,男,神奈川県
C00001560,篠塚 誠悟,しのづか せいご,1981-04-03,男,鹿児島県
C00001561,近藤 智之,こんどう ともゆき,1993-01-29,男,茨城県
C00001562,鍋倉 桂子,なべくら けいこ,1987-09-17,女,東京都
C00001563,齋藤 真由美,さいとう まゆみ,1978-02-24,女,東京都
C00001564,渡部 高士,わたなべ たかし,1976-02-05,男,佐賀県
C00001565,野島 英行,のじま ひでゆき,1980-07-08,男,広島県
C00001566,児玉 真,こだま まこと,2005-11-17,男,東京都
C00001567,加賀 美里,かが みさ,1998-11-08,女,大阪府
C00001568,菅野 梓,かんの あずさ,1988-03-17,女,愛知県
C00001569,中野 由貴,なかの よしたか,1995-10-27,女,兵庫県
C00001570,齋藤 慎之介,さいとう しんのすけ,1999-09-25,男,新潟県
C00001571,上田 貴子,うえだ たかこ,1999-08-24,女,東京都
C00001572,工藤 秀夫,くどう ひでお,1974-06-07,男,鹿児島県
C00001573,高崎 優,たかさき ゆう,1990-12-01,男,岐阜県
C00001574,森 貴徳,もり たかのり,1973-07-04,男,奈良県
C00001575,東田 光子,ひがしだ ひかるこ,1981-06-09,女,神奈川県
C00001576,高橋 巌,たかはし いわお,2002-09-01,男,大阪府
C00001577,大平 巧,おおひら たくみ,2002-08-10,男,東京都
C00001578,三輪 なおこ,みわ なおこ,2001-06-20,女,神奈川県
C00001579,木皿 浩紀,きさら ひろき,1999-08-11,男,大阪府
C00001580,中村 正治,なかむら せいじ,2001-11-18,男,熊本県
C00001581,山崎 由紀子,やまざき ゆきこ,1991-04-20,女,愛知県
C00001582,北山 康裕,きたやま やすひろ,1985-04-01,男,北海道
C00001583,林 龍一,はやし りゅういち,1972-05-26,男,東京都
C00001584,坂田 睦子,さかた むつこ,1985-09-20,女,東京都
C00001585,齋藤 光太郎,さいとう みつたろう,1979-07-15,男,福岡県
C00001586,佐藤 拓也,さとう たくや,1993-03-26,男,東京都
C00001587,安武 歩,やすたけ あゆみ,1977-02-16,男,東京都
C00001588,塙 美菜,はなわ みな,1987-05-03,女,宮城県
C00001589,北島 優介,きたじま ゆうすけ,1979-05-11,男,大阪府
C00001590,藤本 美緒,ふじもと みお,1996-09-13,女,愛知県
C00001591,竹之内 竜雄,たけのうち たつお,2004-06-09,男,北海道
C00001592,前原 達郎,まえはら たつろう,1996-05-25,男,愛知県
C00001593,野村 健一,のむら けんいち,1991-01-26,男,東京都
C00001594,大西 典子,おおにし のりこ,1999-07-13,女,東京都
C00001595,荒川 隆二,あらかわ りゅうじ,1983-03-29,男,兵庫県
C00001596,八尋 真一,やひろ しんいち,1982-01-11,男,岐阜県
C00001597,水口 紀子,みずぐち のりこ,1973-04-23,女,東京都
C00001598,西尾 恭子,にしお きょうこ,1997-09-16,女,神奈川県
C00001599,坂倉 周,さかくら しゅう,1985-05-25,男,愛知県
C00001600,上松 佳乃子,うえまつ かのこ,1998-04-21,女,東京都
C00001601,井上 達也,いのうえ たつや,1990-03-19,男,東京都
C00001602,三上 智子,みかみ ともこ,1973-08-21,女,東京都
C00001603,井上 明正,いのうえ あきまさ,1991-03-18,男,福岡県
C00001604,出町 光昭,でまち みつあき,1999-10-22,男,東京都
C00001605,村岡 信之,むらおか のぶゆき,1988-08-15,男,北海道
C00001606,塚原 和浩,つかはら かずひろ,1986-11-04,男,東京都
C00001607,濱 明人,はま あきひと,1984-06-29,男,東京都
C00001608,濱口 美帆,はまぐち みほ,1975-12-19,女,北海道
C00001609,木下 貴大,きのした たかひろ,1991-12-30,男,東京都
C00001610,高岸 菜津子,たかぎし なつこ,1981-09-28,女,千葉県
C00001611,佐藤 純,さとう あや,1983-05-05,男,千葉県
C00001612,杉村 綾子,すぎむら あやこ,1978-12-10,女,北海道
C00001613,清水 弘毅,しみず こうき,2004-02-22,男,東京都
C00001614,高岡 雄一,たかおか ゆういち,1976-12-18,男,茨城県
C00001615,五百蔵 美和,いおろい みわ,1994-02-13,女,静岡県
C00001616,秋元 一義,あきもと かずよし,1995-08-20,男,東京都
C00001617,三好 あずさ,みよし あずさ,2003-11-25,女,神奈川県
C00001618,青木 厚志,あおき あつし,1991-03-06,男,東京都
C00001619,米川 郁子,よねかわ いくこ,1990-02-25,女,東京都
C00001620,加藤 悟志,かとう さとし,1976-01-16,男,大阪府
C00001621,杉山 葵,すぎやま あおい,1973-12-11,女,熊本県
C00001622,西田 真由美,にしだ まゆみ,1993-05-15,女,鳥取県
C00001623,中尾 涼子,なかお りょうこ,1977-04-24,女,東京都
C00001624,森田 直美,もりた なおみ,1992-11-23,女,大阪府
C00001625,中山 安紀子,なかやま あきこ,1990-01-13,女,東京都
C00001626,遠藤 真悠,えんどう まゆ,1982-10-24,女,神奈川県
C00001627,安部 康隆,あべ やすたか,1976-08-07,男,東京都
C00001628,工藤 和哉,くどう かずや,1984-12-07,男,大阪府
C00001629,木暮 一郎,こぐれ いちろう,1985-06-08,男,新潟県
C00001630,郡司 彩,ぐんじ あや,1995-02-08,女,東京都
C00001631,目黒 聡,めぐろ あきら,2002-07-13,男,兵庫県
C00001632,川添 順子,かわぞえ じゅんこ,1985-11-04,女,東京都
C00001633,渡辺 理恵子,わたなべ りえこ,1974-05-27,女,広島県
C00001634,田口 徹,たぐち とおる,1997-09-03,男,兵庫県
C00001635,横山 絵美,よこやま えみ,1995-11-20,女,広島県
C00001636,安藤 陽子,あんどう ようこ,1989-03-17,女,兵庫県
C00001637,中森 郁子,なかもり いくこ,2002-01-03,女,長野県
C00001638,永尾 英和,ながお ひでかず,1979-04-08,男,埼玉県
C00001639,杉山 大輔,すぎやま だいすけ,1978-11-16,男,北海道
C00001640,吉本 真紀,よしもと まき,2000-02-01,女,愛知県
C00001641,日向 順子,ひなた じゅんこ,1991-11-29,女,東京都
C00001642,菊池 優子,きくち ゆうこ,1973-06-01,女,東京都
C00001643,滝口 佳子,たきぐち よしこ,1994-10-05,女,東京都
C00001644,高橋 武史,たかはし たけふみ,2002-09-09,男,神奈川県
C00001645,倉本 聡,くらもと あきら,1996-06-13,男,東京都
C00001646,神谷 友紀,かみや ともき,1978-09-21,女,大阪府
C00001647,磯部 由貴,いそべ よしたか,2001-12-22,女,千葉県
C00001648,小松 真理,こまつ まり,1989-08-15,男,東京都
C00001649,安藤 裕子,あんどう ゆうこ,1976-10-11,女,岐阜県
C00001650,小柳 知也,こやなぎ ともや,1997-10-26,男,東京都
C00001651,末本 康子,すえもと やすこ,1977-12-26,女,北海道
C00001652,阿部 一憲,あべ かずのり,2004-12-29,男,愛知県
C00001653,三反田 幹,さんたんだ かん,1977-11-18,男,東京都
C00001654,甲斐 健二,かい けんじ,1985-06-05,男,神奈川県
C00001655,大黒 剛,だいこく つよし,1979-12-05,男,大阪府
C00001656,村山 優衣,むらやま ゆい,1993-04-22,女,福岡県
C00001657,大川 香菜,おおかわ かな,2002-10-13,女,神奈川県
C00001658,井崎 舞子,いざき まいこ,1985-11-29,女,神奈川県
C00001659,加藤 仁,かとう ひとし,2002-09-20,男,石川県
C00001660,乾 彩乃,いぬい あやの,2005-06-24,女,北海道
C00001661,石井 純子,いしい じゅんこ,1981-01-03,女,東京都
C00001662,松田 真次,まつだ しんじ,1981-09-13,男,東京都
C00001663,今井 結香,いまい ゆか,1976-08-11,女,東京都
C00001664,仲里 慎平,なかざと しんぺい,2002-06-18,男,北海道
C00001665,濱田 大地,はまだ だいち,2006-03-11,男,東京都
C00001666,田和 幸徳,たわ こうとく,1990-06-20,男,大阪府
C00001667,中川 敦子,なかがわ あつこ,1981-09-24,女,東京都
C00001668,古谷 萌,ふるや もえ,1992-10-28,女,東京都
C00001669,大友 明,おおとも あきら,1996-04-08,男,千葉県
C00001670,小池 祥江,こいけ よしえ,1979-12-02,女,東京都
C00001671,松井 美季,まつい みき,1972-08-25,女,千葉県
C00001672,菊池 悠子,きくち ゆうこ,1998-07-10,女,北海道
C00001673,高橋 純子,たかはし じゅんこ,1995-06-11,女,東京都
C00001674,佐古 俊秀,さこ としひで,1984-06-11,男,東京都
C00001675,青柳 翔平,あおやぎ しょうへい,1988-09-02,男,北海道
C00001676,飯田 雅久,いいだ まさひさ,1996-10-14,男,愛知県
C00001677,小川 紀恵,おがわ のりえ,1993-03-22,女,東京都
C00001678,塩見 忍,しおみ しのぶ,1987-05-23,男,大阪府
C00001679,加藤 徳子,かとう のりこ,1980-12-16,女,神奈川県
C00001680,大和 洋子,やまと ようこ,2005-05-06,女,北海道
C00001681,平井 貴昭,ひらい たかあき,1971-10-29,男,東京都
C00001682,小板橋 千景,こいたばし ちかげ,1983-10-13,女,福岡県
C00001683,富田 淳也,とみた じゅんや,1983-10-22,男,東京都
C00001684,福山 健斗,ふくやま けんと,1992-06-21,男,大阪府
C00001685,杉山 美由紀,すぎやま みゆき,1989-06-20,女,神奈川県
C00001686,山野 マキ,やまの まき,1982-12-15,女,宮城県
C00001687,二ノ宮 広大,にのみや こうだい,1974-04-02,男,三重県
C00001688,阿部 忍,あべ しのぶ,1993-08-14,女,岐阜県
C00001689,高橋 一馬,たかはし かずま,2005-03-16,男,東京都
C00001690,谷藤 朱音,たにふじ あかね,1996-01-06,女,広島県
C00001691,吉森 良子,よしもり よしこ,1984-12-11,女,東京都
C00001692,小島 祐太,こじま ゆうた,1977-04-28,男,北海道
C00001693,松森 幸司,まつもり こうじ,1985-07-29,男,兵庫県
C00001694,平田 雅之,ひらた まさゆき,1974-06-23,男,静岡県
C00001695,佐々木 百合香,ささき ゆりか,1984-04-19,女,広島県
C00001696,村松 和俊,むらまつ かずとし,1981-08-26,男,兵庫県
C00001697,真鍋 希和,まなべ きわ,1998-02-11,女,東京都
C00001698,大矢 徹也,おおや てつや,1995-10-22,男,東京都
C00001699,前田 大介,まえだ だいすけ,1985-12-26,男,北海道
C00001700,中村 淳,なかむら じゅん,1971-12-01,男,愛知県
C00001701,小川 仁,おがわ ひとし,1986-11-19,男,福岡県
C00001702,渡辺 雅,わたなべ まさし,1978-11-01,男,東京都
C00001703,星 祐介,ほし ゆうすけ,1995-06-19,男,東京都
C00001704,村田 ミカ,むらた みか,1978-06-14,女,東京都
C00001705,佐藤 真優,さとう まゆ,1985-06-06,女,大阪府
C00001706,十川 耕太,そがわ こうた,1983-11-10,男,神奈川県
C00001707,道下 展子,みちした のぶこ,1974-03-10,女,東京都
C00001708,稲垣 裕之,いながき ひろゆき,1980-05-05,男,埼玉県
C00001709,篠田 正光,しのだ まさみつ,1980-10-21,男,大阪府
C00001710,植田 陽一,うえだ よういち,1995-06-23,男,東京都
C00001711,豊崎 正明,とよさき まさあき,1987-10-10,男,熊本県
C00001712,内田 みゆき,うちだ みゆき,1997-03-12,女,東京都
C00001713,荒井 恵,あらい めぐみ,1983-01-03,女,大阪府
C00001714,藤原 崇,ふじわら たかし,1994-04-10,男,沖縄県
C00001715,杉田 真央,すぎた まお,1987-10-23,男,愛知県
C00001716,鈴木 太一,すずき たいち,1983-01-26,男,東京都
C00001717,大石 由佳子,おおいし ゆかこ,1977-06-11,女,埼玉県
C00001718,岡崎 武,おかざき たける,1997-12-07,男,東京都
C00001719,鄭 渉,てい わたる,1994-11-03,男,愛知県
C00001720,小嶋 稔,こじま みのる,1978-10-17,男,東京都
C00001721,馬場 亜由美,ばば あゆみ,1984-09-12,女,東京都
C00001722,下村 麻子,しもむら あさこ,1980-02-24,女,香川県
C00001723,小倉 文男,おぐら ふみお,1991-05-06,男,大阪府
C00001724,野村 敏哉,のむら としや,1984-01-29,男,東京都
C00001725,葛岡 彩花,くずおか あやか,2003-05-03,女,福岡県
C00001726,佐藤 美由紀,さとう みゆき,1998-11-09,女,兵庫県
C00001727,松島 ちづる,まつしま ちづる,2000-04-23,女,東京都
C00001728,大山 伸一,おおやま しんいち,1993-04-21,男,東京都
C00001729,生田 和佳子,いくた わかこ,1991-10-26,女,東京都
C00001730,大嶋 和史,おおしま かずし,1977-04-11,男,東京都
C00001731,砂山 規行,すなやま のりゆき,2004-01-03,男,北海道
C00001732,太田 知子,おおた ともこ,1997-10-15,女,鹿児島県
C00001733,渡辺 真理,わたなべ まり,2005-09-28,女,東京都
C00001734,山本 舞,やまもと まい,1986-12-14,女,東京都
C00001735,出羽 直樹,でわ なおき,1990-07-11,男,埼玉県
C00001736,諏訪 由紀子,すわ ゆきこ,1990-04-23,女,鳥取県
C00001737,田中 陽子,たなか ようこ,1996-05-14,女,宮城県
C00001738,高倉 香,たかくら かおり,1998-09-23,女,神奈川県
C00001739,野中 力,のなか つとむ,2000-05-24,男,東京都
C00001740,橋爪 宏平,はしづめ こうへい,1992-06-09,男,神奈川県
C00001741,上野 佳祐,うえの けいすけ,1985-07-31,男,大阪府
C00001742,加藤 誠,かとう まこと,1973-03-04,男,埼玉県
C00001743,平山 彩乃,ひらやま あやの,1994-01-07,女,福岡県
C00001744,篠原 千晶,しのはら ちあき,1982-12-30,女,大阪府
C00001745,太田 勝義,おおた かつよし,2004-01-03,男,福岡県
C00001746,山本 将之,やまもと まさゆき,1972-06-30,男,東京都
C00001747,中澤 知美,なかざわ さとみ,1988-10-13,女,兵庫県
C00001748,渡邊 正人,わたなべ まさと,1977-09-22,男,福岡県
C00001749,吉田 拓哉,よしだ たくや,1977-11-26,男,大阪府
C00001750,小野 祐介,おの ゆうすけ,1992-08-04,男,東京都
C00001751,北村 壮一,きたむら そういち,1990-11-23,男,埼玉県
C00001752,有岡 花梨,ありおか かりん,1996-06-19,女,北海道
C00001753,藤原 大輔,ふじわら だいすけ,1977-02-28,男,東京都
C00001754,木村 未来,きむら みき,1975-03-21,女,千葉県
C00001755,宮田 牧子,みやた まきこ,1988-07-17,女,兵庫県
C00001756,菊池 朋子,きくち ともこ,1979-09-28,女,東京都
C00001757,北井 啓介,きたい けいすけ,1984-09-26,男,福岡県
C00001758,荒井 弘美,あらい ひろみ,1982-06-10,女,埼玉県
C00001759,飯田 将人,いいだ まさと,2001-07-24,男,愛媛県
C00001760,渋谷 賢,しぶや けん,2005-01-16,男,大阪府
C00001761,坂井 啓二,さかい けいじ,1975-09-04,男,埼玉県
C00001762,増田 可菜,ますだ かな,1989-01-17,女,東京都
C00001763,小倉 裕貴,おぐら ゆうき,1991-01-31,男,東京都
C00001764,梶野 千穂,かじの ちほ,2006-11-09,女,東京都
C00001765,浜口 涼,はまぐち りょう,1975-12-15,女,兵庫県
C00001766,佐藤 高,さとう たかし,1978-06-13,男,東京都
C00001767,渡部 愛,わたなべ あい,2001-08-08,女,宮城県
C00001768,池内 真理子,いけうち まりこ,2007-06-15,女,東京都
C00001769,田嶋 隼人,たじま はやと,2003-10-28,男,新潟県
C00001770,佐々木 寛子,ささき ひろこ,1974-10-07,女,東京都
C00001771,森崎 香織,もりさき かおり,1979-05-06,女,東京都
C00001772,衣笠 ゆみ,きぬがさ ゆみ,1983-11-12,女,大阪府
C00001773,町田 智子,まちだ ともこ,1991-08-17,女,北海道
C00001774,岩佐 和代,いわさ かずよ,1972-07-20,女,兵庫県
C00001775,中村 恵一,なかむら けいいち,1989-10-06,男,山梨県
C00001776,小泉 卓也,こいずみ たくや,1992-05-02,男,東京都
C00001777,金森 一浩,かなもり かずひろ,1996-02-11,男,千葉県
C00001778,蛭田 江利子,ひるた えりこ,2003-05-06,女,東京都
C00001779,山本 のぞみ,やまもと のぞみ,1995-12-02,女,広島県
C00001780,堤 憲司,つつみ けんじ,2006-01-18,男,東京都
C00001781,青柳 祐紀,あおやぎ ゆうき,2001-06-09,女,大阪府
C00001782,千葉 あづさ,ちば あづさ,1980-03-07,女,静岡県
C00001783,蒔田 研二,まきた けんじ,1985-06-02,男,千葉県
C00001784,林 孝一,はやし こういち,1999-11-15,男,大阪府
C00001785,窪田 美香,くぼた みか,1994-04-18,女,香川県
C00001786,加藤 いづみ,かとう いづみ,1989-12-15,女,岐阜県
C00001787,池田 直輝,いけだ なおき,1992-08-03,男,和歌山県
C00001788,清水 忠幸,しみず ただゆき,2007-04-30,男,東京都
C00001789,山内 孝介,やまうち こうすけ,2004-08-07,男,埼玉県
C00001790,城山 弥生,しろやま やよい,1997-04-12,女,東京都
C00001791,工藤 元気,くどう げんき,1998-12-07,男,東京都
C00001792,奥村 美樹子,おくむら みきこ,2005-11-27,女,千葉県
C00001793,川村 久美子,かわむら くみこ,1998-12-25,女,東京都
C00001794,松下 仁,まつした ひとし,1991-09-05,男,大阪府
C00001795,岡田 祥子,おかだ しょうこ,1974-09-25,女,茨城県
C00001796,深川 知代,ふかがわ ともよ,1976-05-30,女,石川県
C00001797,西山 敬之,にしやま たかゆき,1996-12-09,男,東京都
C00001798,竹内 啓行,たけうち ひろゆき,1987-05-12,男,福島県
C00001799,若狭 祐美,わかさ ゆみ,1973-07-06,女,愛媛県
C00001800,前田 洋子,まえだ ようこ,1989-12-20,女,神奈川県
C00001801,松井 雅人,まつい まさと,1982-02-12,男,千葉県
C00001802,高橋 恵梨香,たかはし えりか,2006-09-25,女,宮城県
C00001803,安田 宗生,やすだ むねお,1972-12-12,男,北海道
C00001804,木村 和良,きむら かずよし,1974-12-07,男,神奈川県
C00001805,岩倉 譲,いわくら ゆずる,1997-03-25,男,東京都
C00001806,野間 忠之,のま ただゆき,1990-06-28,男,愛媛県
C00001807,佐藤 実穂,さとう みほ,1977-02-23,女,東京都
C00001808,吉田 圭司,よしだ けいじ,1993-06-07,男,大阪府
C00001809,上田 祐己,うえだ ゆうき,1978-08-04,男,東京都
C00001810,本庄 昌明,ほんじょう まさあき,1981-02-05,男,東京都
C00001811,杉村 大介,すぎむら だいすけ,1997-11-10,男,大阪府
C00001812,小林 秀一,こばやし しゅういち,2003-05-28,男,熊本県
C00001813,門林 智也,かどばやし ともや,1989-09-07,男,埼玉県
C00001814,星 洋輔,ほし ようすけ,1975-10-26,男,大阪府
C00001815,西岡 和浩,にしおか かずひろ,1973-09-25,男,福岡県
C00001816,佐々木 展子,ささき のぶこ,2003-03-30,女,神奈川県
C00001817,伊藤 彩乃,いとう あやの,1996-02-19,女,千葉県
C00001818,渡辺 徹,わたなべ とおる,2003-10-26,男,東京都
C00001819,牧 あゆみ,まき あゆみ,1973-06-15,女,茨城県
C00001820,福田 菜緒,ふくだ なお,1977-02-14,女,千葉県
C00001821,竹内 和恵,たけうち かずえ,1980-01-20,女,宮城県
C00001822,廣瀬 崇之,ひろせ たかゆき,1985-09-22,男,青森県
C00001823,川合 竜也,かわい たつや,1999-12-24,男,北海道
C00001824,安藤 一也,あんどう かずや,2005-01-02,男,東京都
C00001825,藤永 洋行,ふじなが ひろゆき,1982-12-03,男,神奈川県
C00001826,中尾 哲,なかお さとし,1989-10-15,男,兵庫県
C00001827,中村 ちえ,なかむら ちえ,1977-10-28,女,宮城県
C00001828,大石 啓子,おおいし けいこ,1983-02-15,女,愛知県
C00001829,武田 友紀子,たけだ ゆきこ,1977-05-29,女,東京都
C00001830,大石 睦子,おおいし むつこ,1978-11-14,女,岐阜県
C00001831,岩本 雅子,いわもと まさこ,2000-05-04,女,愛媛県
C00001832,大坪 順子,おおつぼ じゅんこ,1996-01-04,女,東京都
C00001833,松田 孝行,まつだ たかゆき,2004-02-14,男,東京都
C00001834,鈴木 優,すずき ゆう,1985-05-17,男,東京都
C00001835,神田 美穂,かんだ みほ,1982-01-20,女,東京都
C00001836,森 悠太,もり ゆうた,2003-12-08,男,大阪府
C00001837,宮本 真也,みやもと しんや,1998-10-01,男,福岡県
C00001838,藤本 仁美,ふじもと ひとみ,2000-08-17,女,東京都
C00001839,古川 眞由美,ふるかわ まゆみ,1999-12-15,女,東京都
C00001840,安藤 麻里奈,あんどう まりな,2002-06-30,女,神奈川県
C00001841,木下 繭子,きのした まゆこ,1982-08-20,女,福岡県
C00001842,楠元 優子,くすもと ゆうこ,1997-02-26,女,東京都
C00001843,中西 英恵,なかにし はなえ,1981-02-27,女,愛知県
C00001844,野口 文絵,のぐち ふみえ,1973-02-12,女,東京都
C00001845,伏見 駿,ふしみ しゅん,1998-03-16,男,東京都
C00001846,山田 くるみ,やまだ くるみ,1995-03-19,女,東京都
C00001847,岩井 憲二,いわい けんじ,1998-04-05,男,東京都
C00001848,大山 洋介,おおやま ようすけ,1985-02-05,男,埼玉県
C00001849,廣川 知佐,ひろかわ ちさ,1984-01-01,女,福岡県
C00001850,樋口 奈々子,ひぐち ななこ,2004-12-18,女,神奈川県
C00001851,関 勇太,せき ゆうた,1988-03-03,男,新潟県
C00001852,道上 俊行,みちがみ としゆき,1986-06-13,男,東京都
C00001853,杉村 謙太,すぎむら けんた,1993-06-07,男,千葉県
C00001854,平井 昇,ひらい のぼる,2001-10-05,男,沖縄県
C00001855,鈴木 謙一,すずき けんいち,1979-03-12,男,北海道
C00001856,瀧口 達哉,たきぐち たつや,1992-10-24,男,埼玉県
C00001857,水越 まゆみ,みずこし まゆみ,1973-12-16,女,東京都
C00001858,松本 奈緒子,まつもと なおこ,2005-09-14,女,兵庫県
C00001859,島村 奈々,しまむら なな,2001-08-02,女,大阪府
C00001860,沖 麻実,おき あさみ,1986-02-07,女,大阪府
C00001861,河村 奈々子,かわむら ななこ,1995-08-28,女,神奈川県
C00001862,松村 謙太,まつむら けんた,1985-10-17,男,北海道
C00001863,上原 良樹,うえはら よしき,1997-10-03,男,神奈川県
C00001864,中川 宗平,なかがわ そうへい,1984-11-12,男,東京都
C00001865,水元 浩人,みずもと ひろと,1977-11-27,男,千葉県
C00001866,鈴木 良平,すずき りょうへい,1994-09-01,男,東京都
C00001867,山口 雄太,やまぐち ゆうた,1981-05-09,男,兵庫県
C00001868,宮里 圭一郎,みやざと けいいちろう,1977-11-14,男,千葉県
C00001869,柴山 真衣,しばやま まい,1983-03-08,女,大阪府
C00001870,小田原 麻理,おだわら まり,1989-08-23,女,北海道
C00001871,村田 美緒,むらた みお,1987-07-25,女,福岡県
C00001872,原 直子,はら なおこ,1976-08-18,女,大阪府
C00001873,樋口 昌司,ひぐち しょうじ,1996-01-23,男,愛知県
C00001874,蓼沼 歩,たでぬま あゆみ,1997-03-20,男,東京都
C00001875,吉田 諭史,よしだ さとし,1972-04-21,男,東京都
C00001876,近藤 ひろ美,こんどう ひろみ,1990-12-26,女,千葉県
C00001877,山下 美紗子,やました みさこ,1996-06-02,女,福岡県
C00001878,村田 七海,むらた ななみ,1978-01-28,女,和歌山県
C00001879,鈴木 香澄,すずき かすみ,1989-06-26,女,千葉県
C00001880,喜多 百合子,きた ゆりこ,1988-04-01,女,東京都
C00001881,飯田 貴彦,いいだ たかひこ,2001-05-21,男,東京都
C00001882,新島 美奈子,にいじま みなこ,1988-02-19,女,東京都
C00001883,武山 亜美,たけやま あみ,1996-08-10,女,東京都
C00001884,諸江 尚子,もろえ なおこ,1984-06-09,女,東京都
C00001885,照屋 明,てるや あきら,1974-12-14,男,神奈川県
C00001886,鶴田 裕美,つるた ゆみ,1980-11-05,女,東京都
C00001887,流石 希,さすが のぞみ,1979-07-08,男,東京都
C00001888,杉 幸子,すぎ さちこ,1993-07-25,女,岩手県
C00001889,山田 拓二,やまだ たくじ,1977-08-24,男,東京都
C00001890,丸田 亜紀,まるた あき,2007-04-29,女,千葉県
C00001891,新田 あやこ,にった あやこ,1991-02-23,女,東京都
C00001892,金沢 美菜子,かなざわ みなこ,1990-02-10,女,山形県
C00001893,中村 英治,なかむら えいじ,1994-09-18,男,大阪府
C00001894,菅波 伊織,すがなみ いおり,2005-03-15,男,千葉県
C00001895,横尾 紀行,よこお のりゆき,1979-05-30,男,愛知県
C00001896,中田 芙美子,なかた ふみこ,1977-12-15,女,千葉県
C00001897,佐藤 陽一,さとう よういち,1975-09-29,男,東京都
C00001898,濱本 亮,はまもと りょう,1973-05-23,男,東京都
C00001899,江端 伸子,えばた のぶこ,1981-06-18,女,神奈川県
C00001900,谷口 学,たにぐち まなぶ,1996-05-19,男,東京都
C00001901,石橋 紀子,いしばし のりこ,1992-11-02,女,埼玉県
C00001902,黒田 亮子,くろだ りょうこ,1976-05-04,女,北海道
C00001903,馬場 由加,ばば ゆか,1980-06-16,女,東京都
C00001904,野中 美緒,のなか みお,1976-10-23,女,福井県
C00001905,奥津 実,おくつ みのる,1981-02-18,男,大阪府
C00001906,森口 由希,もりぐち ゆき,1991-08-20,女,東京都
C00001907,坂本 栄子,さかもと えいこ,1986-06-22,女,千葉県
C00001908,今井 諭,いまい さとし,1993-11-08,男,北海道
C00001909,高田 和子,たかだ かずこ,1987-03-28,女,神奈川県
C00001910,勝山 直宏,かつやま なおひろ,1988-12-03,男,東京都
C00001911,橋本 琢磨,はしもと たくま,1984-02-04,男,東京都
C00001912,平松 隆秀,ひらまつ たかひで,1976-11-29,男,東京都
C00001913,竹下 美智子,たけした みちこ,1993-07-30,女,沖縄県
C00001914,谷田貝 栞,やたがい しおり,1996-05-09,女,東京都
C00001915,名和 彩香,なわ あやか,1995-01-22,女,東京都
C00001916,長谷川 ひろみ,はせがわ ひろみ,1993-03-16,女,東京都
C00001917,林 直央,はやし なお,1988-04-28,男,大阪府
C00001918,佐々木 亮,ささき りょう,1981-07-09,男,福井県
C00001919,波多江 聖,はたえ まさし,1990-01-02,男,大阪府
C00001920,櫻井 千尋,さくらい ちひろ,1987-12-27,女,東京都
C00001921,野田 豊,のだ ゆたか,1994-02-05,男,東京都
C00001922,稲富 浩一,いなとみ こういち,1977-09-30,男,福岡県
C00001923,橋本 圭子,はしもと けいこ,2002-01-11,女,大阪府
C00001924,中山 陽平,なかやま ようへい,1994-03-07,男,大阪府
C00001925,原田 由香,はらだ ゆか,1975-10-12,女,大阪府
C00001926,梅田 幸夫,うめだ ゆきお,1975-06-04,男,東京都
C00001927,澤田 啓介,さわだ けいすけ,1990-07-25,男,香川県
C00001928,深尾 卓,ふかお すぐる,1994-12-31,男,熊本県
C00001929,森山 正一,もりやま しょういち,1990-06-29,男,東京都
C00001930,小倉 朋,おぐら とも,1992-07-21,男,東京都
C00001931,三浦 芽久美,みうら めぐみ,1981-04-07,女,北海道
C00001932,三浦 剛,みうら つよし,1986-05-11,男,東京都
C00001933,松山 由美,まつやま ゆみ,1995-02-23,女,神奈川県
C00001934,藤井 直樹,ふじい なおき,1999-07-22,男,東京都
C00001935,高橋 真由子,たかはし まゆこ,1997-05-19,女,神奈川県
C00001936,福島 哲也,ふくしま てつや,2000-02-19,男,北海道
C00001937,吉田 早苗,よしだ さなえ,2001-11-29,女,東京都
C00001938,喜多 晴樹,きた はるき,1978-05-31,男,東京都
C00001939,藤野 正志,ふじの まさし,1991-04-02,男,東京都
C00001940,高浪 陽一,たかなみ よういち,1988-08-28,男,東京都
C00001941,守屋 康男,もりや やすお,1991-03-28,男,埼玉県
C00001942,小林 大,こばやし だい,1978-09-23,男,熊本県
C00001943,福永 知憲,ふくなが とものり,1996-02-16,男,福岡県
C00001944,今野 綾華,こんの あやか,1987-10-17,女,東京都
C00001945,関 大,せき だい,1990-12-20,男,神奈川県
C00001946,佐々木 結衣,ささき ゆい,1994-01-06,女,宮崎県
C00001947,川村 愛子,かわむら あいこ,2005-04-26,女,千葉県
C00001948,川名 絵美,かわな えみ,1993-09-11,女,大阪府
C00001949,福住 翔子,ふくずみ しょうこ,1999-07-21,女,神奈川県
C00001950,藤田 舞,ふじた まい,1998-07-16,女,東京都
C00001951,船本 佳奈,ふなもと かな,1999-08-17,女,北海道
C00001952,副島 麻里奈,そえじま まりな,1997-06-25,女,北海道
C00001953,福崎 由佳梨,ふくざき ゆかり,1978-11-05,女,東京都
C00001954,山田 岳,やまだ たけし,1986-10-24,男,埼玉県
C00001955,石澤 明美,いしざわ あけみ,1988-01-28,女,大阪府
C00001956,金田 清二,かねだ せいじ,1990-06-13,男,大阪府
C00001957,吉村 悟,よしむら さとる,1977-05-21,男,東京都
C00001958,後藤 詩乃,ごとう しの,1979-04-03,女,東京都
C00001959,仲 佳範,なか よしのり,1997-04-08,男,東京都
C00001960,松井 敏郎,まつい としろう,1996-01-04,男,福島県
C00001961,西岡 信広,にしおか のぶひろ,2006-08-10,男,愛知県
C00001962,谷口 美波,たにぐち みなみ,2006-01-26,女,東京都
C00001963,矢野 賢一,やの けんいち,1980-02-12,男,山口県
C00001964,田所 友恵,たどころ ともえ,2001-10-15,女,東京都
C00001965,樫本 理沙,かしもと りさ,1982-07-21,女,大阪府
C00001966,高橋 一樹,たかはし かずき,1975-07-29,男,兵庫県
C00001967,高橋 由希子,たかはし ゆきこ,2001-04-02,女,東京都
C00001968,小栗 裕子,おぐり ゆうこ,2001-10-31,女,三重県
C00001969,齋藤 由佳,さいとう ゆか,1976-07-04,女,埼玉県
C00001970,羽賀 修,はが おさむ,1981-10-03,男,福岡県
C00001971,鈴木 匠,すずき たくみ,1991-02-11,男,東京都
C00001972,松原 智志,まつばら さとし,1980-05-18,男,滋賀県
C00001973,関根 芳治,せきね よしはる,1995-04-24,男,大阪府
C00001974,内山 聖人,うちやま まさと,1975-10-17,男,兵庫県
C00001975,澤野 康二,さわの こうじ,1994-05-26,男,東京都
C00001976,石原 紀子,いしはら のりこ,2003-07-23,女,神奈川県
C00001977,永野 勉,ながの つとむ,2005-07-27,男,岡山県
C00001978,高田 光彦,たかだ みつひこ,1976-10-09,男,東京都
C00001979,奥田 雅樹,おくだ まさき,1989-09-20,男,北海道
C00001980,野島 裕子,のじま ゆうこ,1973-02-18,女,東京都
C00001981,尾形 あゆみ,おがた あゆみ,1974-04-10,女,神奈川県
C00001982,清水 耕作,しみず こうさく,2000-08-05,男,東京都
C00001983,水谷 まみ,みずたに まみ,1980-09-24,女,東京都
C00001984,千原 重樹,ちはら しげき,1974-12-07,男,岐阜県
C00001985,大橋 和樹,おおはし かずき,2001-07-04,男,神奈川県
C00001986,村木 成,むらき しげる,1993-11-01,男,東京都
C00001987,神田 浩司,かんだ ひろし,1994-11-15,男,神奈川県
C00001988,鈴木 明日香,すずき あすか,1989-11-27,女,北海道
C00001989,小野寺 さやか,おのでら さやか,1973-07-12,女,北海道
C00001990,鷲田 秀男,わしだ ひでお,1977-02-25,男,神奈川県
C00001991,森脇 慧,もりわき けい,1978-11-28,女,愛知県
C00001992,小池 健介,こいけ けんすけ,2006-03-13,男,愛知県
C00001993,高嶋 佳織,たかしま かおり,1995-06-10,女,大阪府
C00001994,南出 大樹,みなみで たいき,1999-07-30,男,東京都
C00001995,藤縄 貴夫,ふじなわ たかお,1974-08-18,男,大阪府
C00001996,猪熊 鉄平,いのくま てっぺい,2002-11-26,男,愛知県
C00001997,岸本 佳那子,きしもと かなこ,1992-11-25,女,東京都
C00001998,杉浦 愛実,すぎうら まなみ,2003-03-30,女,東京都
C00001999,藤村 翠,ふじむら みどり,1997-12-31,女,大阪府
C00002000,佐久間 麗奈,さくま れいな,1994-02-17,女,北海道
C00002001,大石 尚子,おおいし なおこ,1983-06-22,女,東京都
C00002002,近藤 ヒロ,こんどう ひろ,1975-04-20,男,東京都
C00002003,原田 さくら,はらだ さくら,1991-11-19,女,神奈川県
C00002004,藤田 杏奈,ふじた あんな,1980-10-26,女,神奈川県
C00002005,山下 一明,やました かずあき,1982-07-05,男,山梨県
C00002006,田代 祥子,たしろ しょうこ,1981-12-02,女,東京都
C00002007,吉田 牧人,よしだ まきと,1978-04-05,男,大阪府
C00002008,大藪 貴代子,おおやぶ きよこ,1979-01-30,女,大阪府
C00002009,細谷 直子,ほそや なおこ,1990-02-09,女,福岡県
C00002010,久保 義弘,くぼ よしひろ,1980-10-30,男,東京都
C00002011,廣瀬 太郎,ひろせ たろう,1997-11-01,女,神奈川県
C00002012,加藤 智子,かとう ともこ,1998-10-09,女,東京都
C00002013,冨樫 剛,とがし つよし,1996-09-04,男,千葉県
C00002014,高橋 恵,たかはし めぐみ,1999-07-23,女,東京都
C00002015,浅田 大蔵,あさだ だいぞう,1991-06-03,男,埼玉県
C00002016,和田 一史,わだ ひとし,2007-06-21,男,東京都
C00002017,中本 雄一,なかもと ゆういち,1996-01-07,男,神奈川県
C00002018,飯田 広行,いいだ ひろゆき,2001-01-23,男,東京都
C00002019,重光 薫,しげみつ かおる,2001-03-10,男,大阪府
C00002020,穴原 純子,あなはら じゅんこ,2004-04-17,女,東京都
C00002021,大岩 剛司,おおいわ たけし,1990-10-16,男,沖縄県
C00002022,高松 健一郎,たかまつ けんいちろう,2003-11-03,男,愛知県
C00002023,福井 隆一,ふくい りゅういち,1972-03-16,男,佐賀県
C00002024,井手 綾乃,いで あやの,1988-12-09,女,群馬県
C00002025,林 俊弘,はやし としひろ,1990-05-04,男,兵庫県
C00002026,田中 里美,たなか さとみ,1984-05-01,女,福岡県
C00002027,金井 雄三,かない ゆうぞう,1984-02-21,男,鳥取県
C00002028,佐藤 弥生,さとう やよい,1999-04-26,女,新潟県
C00002029,村岡 孝司,むらおか こうじ,1994-02-17,男,福岡県
C00002030,石塚 直子,いしづか なおこ,1985-02-01,女,千葉県
C00002031,貝沼 泰広,かいぬま やすひろ,2000-06-06,男,愛知県
C00002032,高瀬 憲明,たかせ のりあき,1973-06-10,男,東京都
C00002033,柏木 亜希子,かしわぎ あきこ,2006-03-07,女,神奈川県
C00002034,岸 美穂,きし みほ,1998-08-24,女,福岡県
C00002035,渡辺 明日香,わたなべ あすか,1978-11-22,女,埼玉県
C00002036,石井 華,いしい はな,2003-08-06,女,北海道
C00002037,横井 要介,よこい ようすけ,1989-08-17,男,東京都
C00002038,虻川 明彦,あぶかわ あきひこ,1984-02-16,男,大阪府
C00002039,西澤 真理,にしざわ まり,1980-09-04,女,愛媛県
C00002040,片岡 俊彦,かたおか としひこ,1988-05-16,男,東京都
C00002041,大津 晶子,おおつ しょうこ,1976-11-05,女,大阪府
C00002042,高橋 唯史,たかはし ただし,2004-08-08,男,宮城県
C00002043,田代 宏美,たしろ ひろみ,2006-05-02,女,沖縄県
C00002044,中林 聡,なかばやし あきら,2003-08-25,男,千葉県
C00002045,市川 大介,いちかわ だいすけ,1972-12-27,男,東京都
C00002046,前田 たかみ,まえだ たかみ,1976-10-24,女,熊本県
C00002047,近藤 俊介,こんどう しゅんすけ,1972-01-14,男,愛知県
C00002048,橋元 琴乃,はしもと ことの,1979-10-01,女,千葉県
C00002049,橋本 希,はしもと のぞみ,2002-08-26,女,東京都
C00002050,丹治 弘恵,たんじ ひろえ,2003-01-08,女,東京都
C00002051,林田 利晃,はやしだ としあき,1975-01-02,男,福岡県
C00002052,中村 和歌子,なかむら わかこ,1984-10-19,女,大阪府
C00002053,金子 美智,かねこ みち,1993-05-27,女,福岡県
C00002054,秋元 賢治,あきもと けんじ,1982-04-17,男,北海道
C00002055,原 美幸,はら みゆき,1976-11-25,女,埼玉県
C00002056,辻 絵里,つじ えり,2000-08-30,女,神奈川県
C00002057,村田 洋,むらた ひろし,1978-03-31,男,北海道
C00002058,星川 和良,ほしかわ かずよし,1973-04-10,男,東京都
C00002059,石田 顕子,いしだ あきこ,2003-01-22,女,東京都
C00002060,町田 俊彦,まちだ としひこ,1996-09-11,男,新潟県
C00002061,高野 加奈子,たかの かなこ,1983-07-29,女,福岡県
C00002062,小林 由実,こばやし ゆみ,1989-09-13,女,京都府
C00002063,松島 智美,まつしま ともみ,1972-04-26,女,大阪府
C00002064,久家 久美,くげ くみ,1996-03-29,女,大阪府
C00002065,原田 淳,はらだ じゅん,1999-11-29,男,兵庫県
C00002066,野見山 奈緒,のみやま なお,2001-04-22,女,北海道
C00002067,塚本 諭,つかもと さとし,1988-05-14,男,福岡県
C00002068,神谷 昭彦,かみや あきひこ,1987-01-01,男,東京都
C00002069,糸数 優子,いとかず ゆうこ,1978-01-06,女,鹿児島県
C00002070,村上 陽子,むらかみ ようこ,1974-04-11,女,千葉県
C00002071,小森 明子,こもり あきこ,2000-03-19,女,奈良県
C00002072,江口 俊博,えぐち としひろ,1980-06-29,男,愛知県
C00002073,荻野 航,おぎの わたる,1987-02-03,男,埼玉県
C00002074,菅野 愛,かんの あい,1982-03-29,女,東京都
C00002075,加納 康友,かのう やすとも,2001-04-19,男,徳島県
C00002076,北村 浩之,きたむら ひろゆき,1984-09-04,男,青森県
C00002077,武本 いずみ,たけもと いずみ,1984-11-14,女,東京都
C00002078,鹿島 達也,かしま たつや,1978-01-30,男,兵庫県
C00002079,牛久保 美季,うしくぼ みき,1988-04-20,女,北海道
C00002080,川田 泰夫,かわた やすお,1991-05-17,男,北海道
C00002081,岡 祥子,おか しょうこ,1983-10-23,女,愛知県
C00002082,加藤 理美,かとう まさみ,2007-07-12,女,東京都
C00002083,大友 真佐子,おおとも まさこ,1979-06-08,女,東京都
C00002084,古賀 由梨子,こが ゆりこ,1992-03-26,女,東京都
C00002085,中山 伸之,なかやま のぶゆき,1980-09-05,男,山梨県
C00002086,山口 陽,やまぐち あきら,2004-05-01,男,神奈川県
C00002087,三浦 たかし,みうら まさし,2003-03-28,男,宮城県
C00002088,沼田 紀子,ぬまた のりこ,2005-09-24,女,埼玉県
C00002089,杉山 正子,すぎやま まさこ,1980-06-05,女,東京都
C00002090,駒井 克弥,こまい かつや,1984-09-03,男,大阪府
C00002091,菊地 真弓,きくち まゆみ,2006-03-20,女,静岡県
C00002092,佐藤 奈美,さとう なみ,2006-01-06,女,東京都
C00002093,冨永 由香,とみなが ゆか,1981-09-26,女,東京都
C00002094,藤田 勉,ふじた つとむ,1994-04-30,男,宮崎県
C00002095,鈴木 博志,すずき ひろし,1983-09-11,男,大阪府
C00002096,高橋 優,たかはし ゆう,1983-05-13,女,大阪府
C00002097,高崎 リサ,たかさき りさ,1990-11-15,女,福岡県
C00002098,吉田 光,よしだ ひかる,1999-07-07,男,大阪府
C00002099,中村 直人,なかむら なおと,1992-12-28,男,愛知県
C00002100,三登 一馬,みと かずま,1974-10-28,男,大阪府
C00002101,鈴木 一弘,すずき かずひろ,1987-02-10,男,東京都
C00002102,前川 華子,まえかわ はなこ,1997-10-01,女,愛知県
C00002103,上野 美香,うえの みか,1991-05-01,女,福井県
C00002104,川崎 育子,かわさき いくこ,1989-07-22,女,東京都
C00002105,井上 貴行,いのうえ たかゆき,1981-12-25,男,東京都
C00002106,小野田 昭人,おのだ あきひと,1978-12-06,男,滋賀県
C00002107,田口 祐子,たぐち ゆうこ,1978-05-10,女,広島県
C00002108,田中 はる,たなか はる,1993-01-08,女,東京都
C00002109,吉田 克明,よしだ かつあき,1975-08-30,男,東京都
C00002110,岸川 康博,きしかわ やすひろ,2003-09-16,男,石川県
C00002111,尾島 修一,おじま しゅういち,1978-03-03,男,東京都
C00002112,清水 楓,しみず ふう,1994-05-22,女,東京都
C00002113,渡辺 修一,わたなべ しゅういち,1987-01-11,男,埼玉県
C00002114,引地 陽子,ひきち ようこ,2002-03-20,女,東京都
C00002115,大山 夏実,おおやま なつみ,1988-06-25,女,愛知県
C00002116,横山 繁,よこやま しげる,1981-04-07,男,千葉県
C00002117,吉川 百合子,よしかわ ゆりこ,2000-02-21,女,東京都
C00002118,片桐 喜代美,かたぎり きよみ,2005-12-06,女,埼玉県
C00002119,山野 大樹,やまの たいき,1985-05-13,男,大阪府
C00002120,久保 徹,くぼ とおる,1980-08-01,男,秋田県
C00002121,坂本 雄飛,さかもと ゆうひ,2001-06-26,男,大阪府
C00002122,佐々木 宣彦,ささき のぶひこ,1987-12-26,男,東京都
C00002123,田丸 由季子,たまる ゆきこ,1973-06-03,女,東京都
C00002124,林 由香,はやし ゆか,1972-07-09,女,東京都
C00002125,白柳 高弘,しらやなぎ たかひろ,2004-12-21,男,沖縄県
C00002126,岩井 いずみ,いわい いずみ,1994-02-12,女,東京都
C00002127,井上 歩,いのうえ あゆみ,1996-06-26,女,宮崎県
C00002128,小杉 知弘,こすぎ ともひろ,1988-03-03,男,愛知県
C00002129,宮崎 正敏,みやざき まさとし,1980-09-01,男,東京都
C00002130,小林 和明,こばやし かずあき,1989-06-25,男,愛知県
C00002131,中尾 学,なかお まなぶ,1983-08-26,男,東京都
C00002132,三宅 雄介,みやけ ゆうすけ,1986-05-14,男,大阪府
C00002133,犬伏 恵子,いぬぶし けいこ,2006-08-29,女,東京都
C00002134,岡島 栄一,おかじま えいいち,1983-12-19,男,東京都
C00002135,澤山 邦彦,さわやま くにひこ,1978-12-16,男,福岡県
C00002136,中原 さおり,なかはら さおり,1975-08-19,女,長野県
C00002137,西澤 龍彦,にしざわ たつひこ,1988-01-02,男,千葉県
C00002138,鶴田 たくみ,つるた たくみ,1997-04-12,男,東京都
C00002139,神谷 梨香,かみや りか,1976-05-27,女,東京都
C00002140,加藤 靖子,かとう やすこ,1993-07-31,女,東京都
C00002141,畠山 光信,はたけやま みつのぶ,2006-03-28,男,兵庫県
C00002142,井上 康浩,いのうえ やすひろ,1988-09-07,男,東京都
C00002143,高橋 美華,たかはし みか,2003-06-29,女,東京都
C00002144,渡辺 真澄,わたなべ ますみ,1978-06-29,女,東京都
C00002145,加賀 陽子,かが ようこ,1982-03-15,女,沖縄県
C00002146,山田 太,やまだ ふとし,2001-11-28,女,広島県
C00002147,中根 英紀,なかね ひでのり,2003-12-04,男,石川県
C00002148,古川 澄子,ふるかわ すみこ,1988-06-07,女,広島県
C00002149,盛田 有里子,もりた ゆりこ,1979-03-18,女,東京都
C00002150,平山 めぐみ,ひらやま めぐみ,1998-12-22,女,愛知県
C00002151,武内 真利,たけうち まり,1993-09-24,男,北海道
C00002152,野村 麻衣,のむら まい,1979-05-17,女,兵庫県
C00002153,西田 良介,にしだ りょうすけ,1980-06-05,男,東京都
C00002154,矢野 美晴,やの みはる,2005-09-20,女,東京都
C00002155,熊谷 多佳子,くまがい たかこ,1981-11-25,女,千葉県
C00002156,松岡 進也,まつおか しんや,2000-07-28,男,東京都
C00002157,近藤 智,こんどう とも,1991-08-19,男,群馬県
C00002158,山田 麻衣,やまだ まい,1988-08-08,女,神奈川県
C00002159,竹田 朋実,たけだ ともみ,1995-07-01,女,東京都
C00002160,宮崎 明子,みやざき あきこ,1973-12-22,女,大阪府
C00002161,三浦 隆士,みうら たかし,1988-09-02,男,愛知県
C00002162,西山 優子,にしやま ゆうこ,1974-01-23,女,愛知県
C00002163,佐久間 由佳,さくま ゆか,2007-09-16,女,神奈川県
C00002164,五十嵐 綾,いがらし あや,1982-12-14,男,大阪府
C00002165,遠藤 裕里子,えんどう ゆりこ,1991-08-14,女,東京都
C00002166,川島 紀子,かわしま のりこ,1983-12-12,女,東京都
C00002167,天野 直樹,あまの なおき,1983-03-26,男,東京都
C00002168,櫻井 侑,さくらい ゆう,1995-08-27,男,山口県
C00002169,大嶺 夏美,おおみね なつみ,1992-06-23,女,東京都
C00002170,木村 尚久,きむら なおひさ,1995-08-22,男,東京都
C00002171,小林 藍,こばやし あい,1985-01-05,女,東京都
C00002172,川添 浩平,かわぞえ こうへい,1985-10-07,男,東京都
C00002173,永野 静,ながの しずか,1979-07-15,女,東京都
C00002174,横山 竜二,よこやま りゅうじ,1984-02-10,男,東京都
C00002175,内藤 達也,ないとう たつや,1981-08-21,男,神奈川県
C00002176,中川 孝太郎,なかがわ こうたろう,1982-04-16,男,東京都
C00002177,鈴木 理美,すずき まさみ,1980-03-17,女,岡山県
C00002178,熊代 久美子,くましろ くみこ,1976-07-16,女,京都府
C00002179,市川 善博,いちかわ よしひろ,1979-01-31,男,北海道
C00002180,小田原 由香,おだわら ゆか,1992-11-21,女,埼玉県
C00002181,石井 真也,いしい しんや,2001-08-31,男,東京都
C00002182,林 大輔,はやし だいすけ,2007-10-14,男,東京都
C00002183,堀部 浩司,ほりべ ひろし,1988-04-30,男,北海道
C00002184,森本 恵美子,もりもと えみこ,1973-11-05,女,茨城県
C00002185,大倉 信之,おおくら のぶゆき,2004-01-17,男,大阪府
C00002186,荻野 和彦,おぎの かずひこ,1993-06-26,男,神奈川県
C00002187,大川 祥子,おおかわ しょうこ,1978-10-28,女,北海道
C00002188,濱中 淳一,はまなか じゅんいち,1972-10-05,男,東京都
C00002189,宮崎 恭子,みやざき きょうこ,2005-03-14,女,東京都
C00002190,平島 早苗,ひらしま さなえ,1997-05-12,女,神奈川県
C00002191,大塚 秀男,おおつか ひでお,1979-10-11,男,宮城県
C00002192,小林 みゆき,こばやし みゆき,1987-12-07,女,東京都
C00002193,竹村 勝己,たけむら かつみ,1999-03-16,男,東京都
C00002194,牧野 真衣,まきの まい,2005-01-21,女,東京都
C00002195,森田 圭美,もりた たまみ,2001-06-06,女,東京都
C00002196,秋本 由佳,あきもと ゆか,1973-07-15,女,東京都
C00002197,高橋 智代,たかはし ともよ,1979-08-05,女,東京都
C00002198,川嶋 美紀,かわしま みき,1982-03-31,女,東京都
C00002199,石橋 麻里奈,いしばし まりな,1978-11-15,女,千葉県
C00002200,重盛 ゆかり,しげもり ゆかり,1996-09-14,女,東京都
C00002201,関口 恵子,せきぐち けいこ,1973-05-28,女,広島県
C00002202,里田 竜太郎,さとだ りゅうたろう,1987-12-18,男,大阪府
C00002203,折田 有佳,おりた ゆか,2004-10-25,女,東京都
C00002204,吉澤 りつこ,よしざわ りつこ,1997-05-03,女,東京都
C00002205,望月 勝秀,もちづき かつひで,1993-03-19,男,東京都
C00002206,池原 今日子,いけはら きょうこ,1999-03-17,女,東京都
C00002207,浅野 啓之,あさの ひろゆき,1993-05-14,男,埼玉県
C00002208,森田 文子,もりた あやこ,1994-04-11,女,東京都
C00002209,吉澤 佳寿美,よしざわ かすみ,1996-09-06,女,千葉県
C00002210,白石 由佳,しらいし ゆか,1981-02-18,女,大阪府
C00002211,岩瀬 綾子,いわせ あやこ,1979-06-12,女,東京都
C00002212,越智 真一,おち しんいち,2004-06-05,男,広島県
C00002213,大澤 りえ,おおさわ りえ,1991-09-27,女,東京都
C00002214,南 美幸,みなみ みゆき,1975-03-26,女,福岡県
C00002215,木戸 明子,きど あきこ,1997-02-09,女,東京都
C00002216,飯島 真幸,いいじま まさゆき,1975-10-26,男,大阪府
C00002217,小野 ゆうこ,おの ゆうこ,1975-07-09,女,埼玉県
C00002218,水野 依子,みずの よりこ,1980-02-03,女,東京都
C00002219,亀村 敬子,かめむら けいこ,1979-02-17,女,兵庫県
C00002220,井上 雅博,いのうえ まさひろ,1997-07-21,男,大阪府
C00002221,小池 利恵,こいけ りえ,1991-11-02,女,愛知県
C00002222,藤原 幸子,ふじわら さちこ,1977-09-16,女,沖縄県
C00002223,村本 美也子,むらもと みやこ,2002-03-10,女,東京都
C00002224,内田 純子,うちだ じゅんこ,1987-02-06,女,神奈川県
C00002225,上村 仁美,うえむら ひとみ,1991-10-22,女,東京都
C00002226,安達 亜希,あだち あき,2005-04-28,女,新潟県
C00002227,森田 崇,もりた たかし,1972-09-26,男,大阪府
C00002228,鈴木 ゆうこ,すずき ゆうこ,1989-11-28,女,大阪府
C00002229,青山 智子,あおやま ともこ,1994-11-04,女,東京都
C00002230,菊池 佳子,きくち よしこ,1994-01-14,女,福岡県
C00002231,山本 華子,やまもと はなこ,1989-09-15,女,岡山県
