商品ID,商品名,カテゴリ,サブカテゴリ,色,サイズ,定価
CT-AMBS,Men Black コート A S,アウター,Men,Black,S,39600
JA-AMBS,Men Black ジャケット A S,アウター,Men,Black,S,31900
VE-AMBS,Men Black ベスト A S,アウター,Men,Black,S,19800
SW-AMBS,Men Black セーター A S,トップス,Men,Black,S,16000
NI-AMBS,Men Black ニット A S,トップス,Men,Black,S,10000
TS-AMBS,Men Black Tシャツ A S,トップス,Men,Black,S,7900
PA-AMBS,Men Black パンツ A S,ボトムス,Men,Black,S,16500
CT-BMBS,Men Black コート B S,アウター,Men,Black,S,38900
JA-BMBS,Men Black ジャケット B S,アウター,Men,Black,S,19400
VE-BMBS,Men Black ベスト B S,アウター,Men,Black,S,18000
SW-BMBS,Men Black セーター B S,トップス,Men,Black,S,15900
NI-BMBS,Men Black ニット B S,トップス,Men,Black,S,14500
TS-BMBS,Men Black Tシャツ B S,トップス,Men,Black,S,8700
PA-BMBS,Men Black パンツ B S,ボトムス,Men,Black,S,20000
CT-CMBS,Men Black コート C S,アウター,Men,Black,S,30800
JA-CMBS,Men Black ジャケット C S,アウター,Men,Black,S,20800
VE-CMBS,Men Black ベスト C S,アウター,Men,Black,S,16800
SW-CMBS,Men Black セーター C S,トップス,Men,Black,S,18400
NI-CMBS,Men Black ニット C S,トップス,Men,Black,S,12300
TS-CMBS,Men Black Tシャツ C S,トップス,Men,Black,S,7600
PA-CMBS,Men Black パンツ C S,ボトムス,Men,Black,S,14300
CT-AWBS,Women Black コート A S,アウター,Women,Black,S,41200
JA-AWBS,Women Black ジャケット A S,アウター,Women,Black,S,31900
VE-AWBS,Women Black ベスト A S,アウター,Women,Black,S,18900
SW-AWBS,Women Black セーター A S,トップス,Women,Black,S,17600
NI-AWBS,Women Black ニット A S,トップス,Women,Black,S,11000
TS-AWBS,Women Black Tシャツ A S,トップス,Women,Black,S,8900
PA-AWBS,Women Black パンツ A S,ボトムス,Women,Black,S,17600
SK-AWBS,Women Black スカート A S,ボトムス,Women,Black,S,18100
CT-BWBS,Women Black コート B S,アウター,Women,Black,S,35200
JA-BWBS,Women Black ジャケット B S,アウター,Women,Black,S,21000
VE-BWBS,Women Black ベスト B S,アウター,Women,Black,S,18900
SW-BWBS,Women Black セーター B S,トップス,Women,Black,S,15900
NI-BWBS,Women Black ニット B S,トップス,Women,Black,S,15100
TS-BWBS,Women Black Tシャツ B S,トップス,Women,Black,S,7600
PA-BWBS,Women Black パンツ B S,ボトムス,Women,Black,S,19800
SK-BWBS,Women Black スカート B S,ボトムス,Women,Black,S,14100
CT-CWBS,Women Black コート C S,アウター,Women,Black,S,31000
JA-CWBS,Women Black ジャケット C S,アウター,Women,Black,S,22100
VE-CWBS,Women Black ベスト C S,アウター,Women,Black,S,16800
SW-CWBS,Women Black セーター C S,トップス,Women,Black,S,18400
NI-CWBS,Women Black ニット C S,トップス,Women,Black,S,12400
TS-CWBS,Women Black Tシャツ C S,トップス,Women,Black,S,7600
PA-CWBS,Women Black パンツ C S,ボトムス,Women,Black,S,14300
TB-AUNN,トートバッグ A,バッグ,Unisex,,,7800
SB-AUNN,ショルダーバッグ A,バッグ,Unisex,,,8800
BP-AUNN,バックパック A,バッグ,Unisex,,,10200
HA-AUNN,帽子 A,小物,Unisex,,,5280
HC-AUNN,ハンカチ A,小物,Unisex,,,1200
TO-AUNN,タオル A,小物,Unisex,,,2280
TB-BUNN,トートバッグ B,バッグ,Unisex,,,9800
SB-BUNN,ショルダーバッグ B,バッグ,Unisex,,,6800
BP-BUNN,バックパック B,バッグ,Unisex,,,9800
HA-BUNN,帽子 B,小物,Unisex,,,4800
HC-BUNN,ハンカチ B,小物,Unisex,,,980
TO-BUNN,タオル B,小物,Unisex,,,2180
SB-CUNN,ショルダーバッグ C,バッグ,Unisex,,,5890
BP-CUNN,バックパック C,バッグ,Unisex,,,12900
CT-AKBS,Kids Black コート A S,アウター,Kids,Black,S,19800
JA-AKBS,Kids Black ジャケット A S,アウター,Kids,Black,S,17000
VE-AKBS,Kids Black ベスト A S,アウター,Kids,Black,S,14500
SW-AKBS,Kids Black セーター A S,トップス,Kids,Black,S,7600
NI-AKBS,Kids Black ニット A S,トップス,Kids,Black,S,8300
TS-AKBS,Kids Black Tシャツ A S,トップス,Kids,Black,S,4300
PA-AKBS,Kids Black パンツ A S,ボトムス,Kids,Black,S,7600
HA-AKNN,帽子 A,小物,Kids,,,4300
BP-AKNN,バックパック A,バッグ,Kids,,,7800
CT-AMBM,Men Black コート A M,アウター,Men,Black,M,39600
JA-AMBM,Men Black ジャケット A M,アウター,Men,Black,M,31900
VE-AMBM,Men Black ベスト A M,アウター,Men,Black,M,19800
SW-AMBM,Men Black セーター A M,トップス,Men,Black,M,16000
NI-AMBM,Men Black ニット A M,トップス,Men,Black,M,10000
TS-AMBM,Men Black Tシャツ A M,トップス,Men,Black,M,7900
PA-AMBM,Men Black パンツ A M,ボトムス,Men,Black,M,16500
CT-BMBM,Men Black コート B M,アウター,Men,Black,M,38900
JA-BMBM,Men Black ジャケット B M,アウター,Men,Black,M,19400
VE-BMBM,Men Black ベスト B M,アウター,Men,Black,M,18000
SW-BMBM,Men Black セーター B M,トップス,Men,Black,M,15900
NI-BMBM,Men Black ニット B M,トップス,Men,Black,M,14500
TS-BMBM,Men Black Tシャツ B M,トップス,Men,Black,M,8700
PA-BMBM,Men Black パンツ B M,ボトムス,Men,Black,M,20000
CT-CMBM,Men Black コート C M,アウター,Men,Black,M,30800
JA-CMBM,Men Black ジャケット C M,アウター,Men,Black,M,20800
VE-CMBM,Men Black ベスト C M,アウター,Men,Black,M,16800
SW-CMBM,Men Black セーター C M,トップス,Men,Black,M,18400
NI-CMBM,Men Black ニット C M,トップス,Men,Black,M,12300
TS-CMBM,Men Black Tシャツ C M,トップス,Men,Black,M,7600
PA-CMBM,Men Black パンツ C M,ボトムス,Men,Black,M,14300
CT-AWBM,Women Black コート A M,アウター,Women,Black,M,41200
JA-AWBM,Women Black ジャケット A M,アウター,Women,Black,M,31900
VE-AWBM,Women Black ベスト A M,アウター,Women,Black,M,18900
SW-AWBM,Women Black セーター A M,トップス,Women,Black,M,17600
NI-AWBM,Women Black ニット A M,トップス,Women,Black,M,11000
TS-AWBM,Women Black Tシャツ A M,トップス,Women,Black,M,8900
PA-AWBM,Women Black パンツ A M,ボトムス,Women,Black,M,17600
SK-AWBM,Women Black スカート A M,ボトムス,Women,Black,M,18100
CT-BWBM,Women Black コート B M,アウター,Women,Black,M,35200
JA-BWBM,Women Black ジャケット B M,アウター,Women,Black,M,21000
VE-BWBM,Women Black ベスト B M,アウター,Women,Black,M,18900
SW-BWBM,Women Black セーター B M,トップス,Women,Black,M,15900
NI-BWBM,Women Black ニット B M,トップス,Women,Black,M,15100
TS-BWBM,Women Black Tシャツ B M,トップス,Women,Black,M,7600
PA-BWBM,Women Black パンツ B M,ボトムス,Women,Black,M,19800
SK-BWBM,Women Black スカート B M,ボトムス,Women,Black,M,14100
CT-CWBM,Women Black コート C M,アウター,Women,Black,M,31000
JA-CWBM,Women Black ジャケット C M,アウター,Women,Black,M,22100
VE-CWBM,Women Black ベスト C M,アウター,Women,Black,M,16800
SW-CWBM,Women Black セーター C M,トップス,Women,Black,M,18400
NI-CWBM,Women Black ニット C M,トップス,Women,Black,M,12400
TS-CWBM,Women Black Tシャツ C M,トップス,Women,Black,M,7600
PA-CWBM,Women Black パンツ C M,ボトムス,Women,Black,M,14300
CT-AKBM,Kids Black コート A M,アウター,Kids,Black,M,19800
JA-AKBM,Kids Black ジャケット A M,アウター,Kids,Black,M,17000
VE-AKBM,Kids Black ベスト A M,アウター,Kids,Black,M,14500
SW-AKBM,Kids Black セーター A M,トップス,Kids,Black,M,7600
NI-AKBM,Kids Black ニット A M,トップス,Kids,Black,M,8300
TS-AKBM,Kids Black Tシャツ A M,トップス,Kids,Black,M,4300
PA-AKBM,Kids Black パンツ A M,ボトムス,Kids,Black,M,7600
CT-AMBL,Men Black コート A L,アウター,Men,Black,L,39600
JA-AMBL,Men Black ジャケット A L,アウター,Men,Black,L,31900
VE-AMBL,Men Black ベスト A L,アウター,Men,Black,L,19800
SW-AMBL,Men Black セーター A L,トップス,Men,Black,L,16000
NI-AMBL,Men Black ニット A L,トップス,Men,Black,L,10000
TS-AMBL,Men Black Tシャツ A L,トップス,Men,Black,L,7900
PA-AMBL,Men Black パンツ A L,ボトムス,Men,Black,L,16500
CT-BMBL,Men Black コート B L,アウター,Men,Black,L,38900
JA-BMBL,Men Black ジャケット B L,アウター,Men,Black,L,19400
VE-BMBL,Men Black ベスト B L,アウター,Men,Black,L,18000
SW-BMBL,Men Black セーター B L,トップス,Men,Black,L,15900
NI-BMBL,Men Black ニット B L,トップス,Men,Black,L,14500
TS-BMBL,Men Black Tシャツ B L,トップス,Men,Black,L,8700
PA-BMBL,Men Black パンツ B L,ボトムス,Men,Black,L,20000
CT-CMBL,Men Black コート C L,アウター,Men,Black,L,30800
JA-CMBL,Men Black ジャケット C L,アウター,Men,Black,L,20800
VE-CMBL,Men Black ベスト C L,アウター,Men,Black,L,16800
SW-CMBL,Men Black セーター C L,トップス,Men,Black,L,18400
NI-CMBL,Men Black ニット C L,トップス,Men,Black,L,12300
TS-CMBL,Men Black Tシャツ C L,トップス,Men,Black,L,7600
PA-CMBL,Men Black パンツ C L,ボトムス,Men,Black,L,14300
CT-AWBL,Women Black コート A L,アウター,Women,Black,L,41200
JA-AWBL,Women Black ジャケット A L,アウター,Women,Black,L,31900
VE-AWBL,Women Black ベスト A L,アウター,Women,Black,L,18900
SW-AWBL,Women Black セーター A L,トップス,Women,Black,L,17600
NI-AWBL,Women Black ニット A L,トップス,Women,Black,L,11000
TS-AWBL,Women Black Tシャツ A L,トップス,Women,Black,L,8900
PA-AWBL,Women Black パンツ A L,ボトムス,Women,Black,L,17600
SK-AWBL,Women Black スカート A L,ボトムス,Women,Black,L,18100
CT-BWBL,Women Black コート B L,アウター,Women,Black,L,35200
JA-BWBL,Women Black ジャケット B L,アウター,Women,Black,L,21000
VE-BWBL,Women Black ベスト B L,アウター,Women,Black,L,18900
SW-BWBL,Women Black セーター B L,トップス,Women,Black,L,15900
NI-BWBL,Women Black ニット B L,トップス,Women,Black,L,15100
TS-BWBL,Women Black Tシャツ B L,トップス,Women,Black,L,7600
PA-BWBL,Women Black パンツ B L,ボトムス,Women,Black,L,19800
SK-BWBL,Women Black スカート B L,ボトムス,Women,Black,L,14100
CT-CWBL,Women Black コート C L,アウター,Women,Black,L,31000
JA-CWBL,Women Black ジャケット C L,アウター,Women,Black,L,22100
VE-CWBL,Women Black ベスト C L,アウター,Women,Black,L,16800
SW-CWBL,Women Black セーター C L,トップス,Women,Black,L,18400
NI-CWBL,Women Black ニット C L,トップス,Women,Black,L,12400
TS-CWBL,Women Black Tシャツ C L,トップス,Women,Black,L,7600
PA-CWBL,Women Black パンツ C L,ボトムス,Women,Black,L,14300
CT-AKBL,Kids Black コート A L,アウター,Kids,Black,L,19800
JA-AKBL,Kids Black ジャケット A L,アウター,Kids,Black,L,17000
VE-AKBL,Kids Black ベスト A L,アウター,Kids,Black,L,14500
SW-AKBL,Kids Black セーター A L,トップス,Kids,Black,L,7600
NI-AKBL,Kids Black ニット A L,トップス,Kids,Black,L,8300
TS-AKBL,Kids Black Tシャツ A L,トップス,Kids,Black,L,4300
PA-AKBL,Kids Black パンツ A L,ボトムス,Kids,Black,L,7600
CT-AMWS,Men White コート A S,アウター,Men,White,S,39600
JA-AMWS,Men White ジャケット A S,アウター,Men,White,S,31900
VE-AMWS,Men White ベスト A S,アウター,Men,White,S,19800
SW-AMWS,Men White セーター A S,トップス,Men,White,S,16000
NI-AMWS,Men White ニット A S,トップス,Men,White,S,10000
TS-AMWS,Men White Tシャツ A S,トップス,Men,White,S,7900
PA-AMWS,Men White パンツ A S,ボトムス,Men,White,S,16500
CT-BMWS,Men White コート B S,アウター,Men,White,S,38900
JA-BMWS,Men White ジャケット B S,アウター,Men,White,S,19400
VE-BMWS,Men White ベスト B S,アウター,Men,White,S,18000
SW-BMWS,Men White セーター B S,トップス,Men,White,S,15900
NI-BMWS,Men White ニット B S,トップス,Men,White,S,14500
TS-BMWS,Men White Tシャツ B S,トップス,Men,White,S,8700
PA-BMWS,Men White パンツ B S,ボトムス,Men,White,S,20000
CT-CMWS,Men White コート C S,アウター,Men,White,S,30800
JA-CMWS,Men White ジャケット C S,アウター,Men,White,S,20800
VE-CMWS,Men White ベスト C S,アウター,Men,White,S,16800
SW-CMWS,Men White セーター C S,トップス,Men,White,S,18400
NI-CMWS,Men White ニット C S,トップス,Men,White,S,12300
TS-CMWS,Men White Tシャツ C S,トップス,Men,White,S,7600
PA-CMWS,Men White パンツ C S,ボトムス,Men,White,S,14300
CT-AWWS,Women White コート A S,アウター,Women,White,S,41200
JA-AWWS,Women White ジャケット A S,アウター,Women,White,S,31900
VE-AWWS,Women White ベスト A S,アウター,Women,White,S,18900
SW-AWWS,Women White セーター A S,トップス,Women,White,S,17600
NI-AWWS,Women White ニット A S,トップス,Women,White,S,11000
TS-AWWS,Women White Tシャツ A S,トップス,Women,White,S,8900
PA-AWWS,Women White パンツ A S,ボトムス,Women,White,S,17600
SK-AWWS,Women White スカート A S,ボトムス,Women,White,S,18100
CT-BWWS,Women White コート B S,アウター,Women,White,S,35200
JA-BWWS,Women White ジャケット B S,アウター,Women,White,S,21000
VE-BWWS,Women White ベスト B S,アウター,Women,White,S,18900
SW-BWWS,Women White セーター B S,トップス,Women,White,S,15900
NI-BWWS,Women White ニット B S,トップス,Women,White,S,15100
TS-BWWS,Women White Tシャツ B S,トップス,Women,White,S,7600
PA-BWWS,Women White パンツ B S,ボトムス,Women,White,S,19800
SK-BWWS,Women White スカート B S,ボトムス,Women,White,S,14100
CT-CWWS,Women White コート C S,アウター,Women,White,S,31000
JA-CWWS,Women White ジャケット C S,アウター,Women,White,S,22100
VE-CWWS,Women White ベスト C S,アウター,Women,White,S,16800
SW-CWWS,Women White セーター C S,トップス,Women,White,S,18400
NI-CWWS,Women White ニット C S,トップス,Women,White,S,12400
TS-CWWS,Women White Tシャツ C S,トップス,Women,White,S,7600
PA-CWWS,Women White パンツ C S,ボトムス,Women,White,S,14300
CT-AKWS,Kids White コート A S,アウター,Kids,White,S,19800
JA-AKWS,Kids White ジャケット A S,アウター,Kids,White,S,17000
VE-AKWS,Kids White ベスト A S,アウター,Kids,White,S,14500
SW-AKWS,Kids White セーター A S,トップス,Kids,White,S,7600
NI-AKWS,Kids White ニット A S,トップス,Kids,White,S,8300
TS-AKWS,Kids White Tシャツ A S,トップス,Kids,White,S,4300
PA-AKWS,Kids White パンツ A S,ボトムス,Kids,White,S,7600
CT-AMWM,Men White コート A M,アウター,Men,White,M,39600
JA-AMWM,Men White ジャケット A M,アウター,Men,White,M,31900
VE-AMWM,Men White ベスト A M,アウター,Men,White,M,19800
SW-AMWM,Men White セーター A M,トップス,Men,White,M,16000
NI-AMWM,Men White ニット A M,トップス,Men,White,M,10000
TS-AMWM,Men White Tシャツ A M,トップス,Men,White,M,7900
PA-AMWM,Men White パンツ A M,ボトムス,Men,White,M,16500
CT-BMWM,Men White コート B M,アウター,Men,White,M,38900
JA-BMWM,Men White ジャケット B M,アウター,Men,White,M,19400
VE-BMWM,Men White ベスト B M,アウター,Men,White,M,18000
SW-BMWM,Men White セーター B M,トップス,Men,White,M,15900
NI-BMWM,Men White ニット B M,トップス,Men,White,M,14500
TS-BMWM,Men White Tシャツ B M,トップス,Men,White,M,8700
PA-BMWM,Men White パンツ B M,ボトムス,Men,White,M,20000
CT-CMWM,Men White コート C M,アウター,Men,White,M,30800
JA-CMWM,Men White ジャケット C M,アウター,Men,White,M,20800
VE-CMWM,Men White ベスト C M,アウター,Men,White,M,16800
SW-CMWM,Men White セーター C M,トップス,Men,White,M,18400
NI-CMWM,Men White ニット C M,トップス,Men,White,M,12300
TS-CMWM,Men White Tシャツ C M,トップス,Men,White,M,7600
PA-CMWM,Men White パンツ C M,ボトムス,Men,White,M,14300
CT-AWWM,Women White コート A M,アウター,Women,White,M,41200
JA-AWWM,Women White ジャケット A M,アウター,Women,White,M,31900
VE-AWWM,Women White ベスト A M,アウター,Women,White,M,18900
SW-AWWM,Women White セーター A M,トップス,Women,White,M,17600
NI-AWWM,Women White ニット A M,トップス,Women,White,M,11000
TS-AWWM,Women White Tシャツ A M,トップス,Women,White,M,8900
PA-AWWM,Women White パンツ A M,ボトムス,Women,White,M,17600
SK-AWWM,Women White スカート A M,ボトムス,Women,White,M,18100
CT-BWWM,Women White コート B M,アウター,Women,White,M,35200
JA-BWWM,Women White ジャケット B M,アウター,Women,White,M,21000
VE-BWWM,Women White ベスト B M,アウター,Women,White,M,18900
SW-BWWM,Women White セーター B M,トップス,Women,White,M,15900
NI-BWWM,Women White ニット B M,トップス,Women,White,M,15100
TS-BWWM,Women White Tシャツ B M,トップス,Women,White,M,7600
PA-BWWM,Women White パンツ B M,ボトムス,Women,White,M,19800
SK-BWWM,Women White スカート B M,ボトムス,Women,White,M,14100
CT-CWWM,Women White コート C M,アウター,Women,White,M,31000
JA-CWWM,Women White ジャケット C M,アウター,Women,White,M,22100
VE-CWWM,Women White ベスト C M,アウター,Women,White,M,16800
SW-CWWM,Women White セーター C M,トップス,Women,White,M,18400
NI-CWWM,Women White ニット C M,トップス,Women,White,M,12400
TS-CWWM,Women White Tシャツ C M,トップス,Women,White,M,7600
PA-CWWM,Women White パンツ C M,ボトムス,Women,White,M,14300
CT-AKWM,Kids White コート A M,アウター,Kids,White,M,19800
JA-AKWM,Kids White ジャケット A M,アウター,Kids,White,M,17000
VE-AKWM,Kids White ベスト A M,アウター,Kids,White,M,14500
SW-AKWM,Kids White セーター A M,トップス,Kids,White,M,7600
NI-AKWM,Kids White ニット A M,トップス,Kids,White,M,8300
TS-AKWM,Kids White Tシャツ A M,トップス,Kids,White,M,4300
PA-AKWM,Kids White パンツ A M,ボトムス,Kids,White,M,7600
CT-AMWL,Men White コート A L,アウター,Men,White,L,39600
JA-AMWL,Men White ジャケット A L,アウター,Men,White,L,31900
VE-AMWL,Men White ベスト A L,アウター,Men,White,L,19800
SW-AMWL,Men White セーター A L,トップス,Men,White,L,16000
NI-AMWL,Men White ニット A L,トップス,Men,White,L,10000
TS-AMWL,Men White Tシャツ A L,トップス,Men,White,L,7900
PA-AMWL,Men White パンツ A L,ボトムス,Men,White,L,16500
CT-BMWL,Men White コート B L,アウター,Men,White,L,38900
JA-BMWL,Men White ジャケット B L,アウター,Men,White,L,19400
VE-BMWL,Men White ベスト B L,アウター,Men,White,L,18000
SW-BMWL,Men White セーター B L,トップス,Men,White,L,15900
NI-BMWL,Men White ニット B L,トップス,Men,White,L,14500
TS-BMWL,Men White Tシャツ B L,トップス,Men,White,L,8700
PA-BMWL,Men White パンツ B L,ボトムス,Men,White,L,20000
CT-CMWL,Men White コート C L,アウター,Men,White,L,30800
JA-CMWL,Men White ジャケット C L,アウター,Men,White,L,20800
VE-CMWL,Men White ベスト C L,アウター,Men,White,L,16800
SW-CMWL,Men White セーター C L,トップス,Men,White,L,18400
NI-CMWL,Men White ニット C L,トップス,Men,White,L,12300
TS-CMWL,Men White Tシャツ C L,トップス,Men,White,L,7600
PA-CMWL,Men White パンツ C L,ボトムス,Men,White,L,14300
CT-AWWL,Women White コート A L,アウター,Women,White,L,41200
JA-AWWL,Women White ジャケット A L,アウター,Women,White,L,31900
VE-AWWL,Women White ベスト A L,アウター,Women,White,L,18900
SW-AWWL,Women White セーター A L,トップス,Women,White,L,17600
NI-AWWL,Women White ニット A L,トップス,Women,White,L,11000
TS-AWWL,Women White Tシャツ A L,トップス,Women,White,L,8900
PA-AWWL,Women White パンツ A L,ボトムス,Women,White,L,17600
SK-AWWL,Women White スカート A L,ボトムス,Women,White,L,18100
CT-BWWL,Women White コート B L,アウター,Women,White,L,35200
JA-BWWL,Women White ジャケット B L,アウター,Women,White,L,21000
VE-BWWL,Women White ベスト B L,アウター,Women,White,L,18900
SW-BWWL,Women White セーター B L,トップス,Women,White,L,15900
NI-BWWL,Women White ニット B L,トップス,Women,White,L,15100
TS-BWWL,Women White Tシャツ B L,トップス,Women,White,L,7600
PA-BWWL,Women White パンツ B L,ボトムス,Women,White,L,19800
SK-BWWL,Women White スカート B L,ボトムス,Women,White,L,14100
CT-CWWL,Women White コート C L,アウター,Women,White,L,31000
JA-CWWL,Women White ジャケット C L,アウター,Women,White,L,22100
VE-CWWL,Women White ベスト C L,アウター,Women,White,L,16800
SW-CWWL,Women White セーター C L,トップス,Women,White,L,18400
NI-CWWL,Women White ニット C L,トップス,Women,White,L,12400
TS-CWWL,Women White Tシャツ C L,トップス,Women,White,L,7600
PA-CWWL,Women White パンツ C L,ボトムス,Women,White,L,14300
CT-AKWL,Kids White コート A L,アウター,Kids,White,L,19800
JA-AKWL,Kids White ジャケット A L,アウター,Kids,White,L,17000
VE-AKWL,Kids White ベスト A L,アウター,Kids,White,L,14500
SW-AKWL,Kids White セーター A L,トップス,Kids,White,L,7600
NI-AKWL,Kids White ニット A L,トップス,Kids,White,L,8300
TS-AKWL,Kids White Tシャツ A L,トップス,Kids,White,L,4300
PA-AKWL,Kids White パンツ A L,ボトムス,Kids,White,L,7600
CT-AMGS,Men Gray コート A S,アウター,Men,Gray,S,39600
JA-AMGS,Men Gray ジャケット A S,アウター,Men,Gray,S,31900
VE-AMGS,Men Gray ベスト A S,アウター,Men,Gray,S,19800
SW-AMGS,Men Gray セーター A S,トップス,Men,Gray,S,16000
NI-AMGS,Men Gray ニット A S,トップス,Men,Gray,S,10000
TS-AMGS,Men Gray Tシャツ A S,トップス,Men,Gray,S,7900
PA-AMGS,Men Gray パンツ A S,ボトムス,Men,Gray,S,16500
CT-BMGS,Men Gray コート B S,アウター,Men,Gray,S,38900
JA-BMGS,Men Gray ジャケット B S,アウター,Men,Gray,S,19400
VE-BMGS,Men Gray ベスト B S,アウター,Men,Gray,S,18000
SW-BMGS,Men Gray セーター B S,トップス,Men,Gray,S,15900
NI-BMGS,Men Gray ニット B S,トップス,Men,Gray,S,14500
TS-BMGS,Men Gray Tシャツ B S,トップス,Men,Gray,S,8700
PA-BMGS,Men Gray パンツ B S,ボトムス,Men,Gray,S,20000
CT-CMGS,Men Gray コート C S,アウター,Men,Gray,S,30800
JA-CMGS,Men Gray ジャケット C S,アウター,Men,Gray,S,20800
VE-CMGS,Men Gray ベスト C S,アウター,Men,Gray,S,16800
SW-CMGS,Men Gray セーター C S,トップス,Men,Gray,S,18400
NI-CMGS,Men Gray ニット C S,トップス,Men,Gray,S,12300
TS-CMGS,Men Gray Tシャツ C S,トップス,Men,Gray,S,7600
PA-CMGS,Men Gray パンツ C S,ボトムス,Men,Gray,S,14300
CT-AWGS,Women Gray コート A S,アウター,Women,Gray,S,41200
JA-AWGS,Women Gray ジャケット A S,アウター,Women,Gray,S,31900
VE-AWGS,Women Gray ベスト A S,アウター,Women,Gray,S,18900
SW-AWGS,Women Gray セーター A S,トップス,Women,Gray,S,17600
NI-AWGS,Women Gray ニット A S,トップス,Women,Gray,S,11000
TS-AWGS,Women Gray Tシャツ A S,トップス,Women,Gray,S,8900
PA-AWGS,Women Gray パンツ A S,ボトムス,Women,Gray,S,17600
SK-AWGS,Women Gray スカート A S,ボトムス,Women,Gray,S,18100
CT-BWGS,Women Gray コート B S,アウター,Women,Gray,S,35200
JA-BWGS,Women Gray ジャケット B S,アウター,Women,Gray,S,21000
VE-BWGS,Women Gray ベスト B S,アウター,Women,Gray,S,18900
SW-BWGS,Women Gray セーター B S,トップス,Women,Gray,S,15900
NI-BWGS,Women Gray ニット B S,トップス,Women,Gray,S,15100
TS-BWGS,Women Gray Tシャツ B S,トップス,Women,Gray,S,7600
PA-BWGS,Women Gray パンツ B S,ボトムス,Women,Gray,S,19800
SK-BWGS,Women Gray スカート B S,ボトムス,Women,Gray,S,14100
CT-CWGS,Women Gray コート C S,アウター,Women,Gray,S,31000
JA-CWGS,Women Gray ジャケット C S,アウター,Women,Gray,S,22100
VE-CWGS,Women Gray ベスト C S,アウター,Women,Gray,S,16800
SW-CWGS,Women Gray セーター C S,トップス,Women,Gray,S,18400
NI-CWGS,Women Gray ニット C S,トップス,Women,Gray,S,12400
TS-CWGS,Women Gray Tシャツ C S,トップス,Women,Gray,S,7600
PA-CWGS,Women Gray パンツ C S,ボトムス,Women,Gray,S,14300
CT-AKGS,Kids Gray コート A S,アウター,Kids,Gray,S,19800
JA-AKGS,Kids Gray ジャケット A S,アウター,Kids,Gray,S,17000
VE-AKGS,Kids Gray ベスト A S,アウター,Kids,Gray,S,14500
SW-AKGS,Kids Gray セーター A S,トップス,Kids,Gray,S,7600
NI-AKGS,Kids Gray ニット A S,トップス,Kids,Gray,S,8300
TS-AKGS,Kids Gray Tシャツ A S,トップス,Kids,Gray,S,4300
PA-AKGS,Kids Gray パンツ A S,ボトムス,Kids,Gray,S,7600
CT-AMGM,Men Gray コート A M,アウター,Men,Gray,M,39600
JA-AMGM,Men Gray ジャケット A M,アウター,Men,Gray,M,31900
VE-AMGM,Men Gray ベスト A M,アウター,Men,Gray,M,19800
SW-AMGM,Men Gray セーター A M,トップス,Men,Gray,M,16000
NI-AMGM,Men Gray ニット A M,トップス,Men,Gray,M,10000
TS-AMGM,Men Gray Tシャツ A M,トップス,Men,Gray,M,7900
PA-AMGM,Men Gray パンツ A M,ボトムス,Men,Gray,M,16500
CT-BMGM,Men Gray コート B M,アウター,Men,Gray,M,38900
JA-BMGM,Men Gray ジャケット B M,アウター,Men,Gray,M,19400
VE-BMGM,Men Gray ベスト B M,アウター,Men,Gray,M,18000
SW-BMGM,Men Gray セーター B M,トップス,Men,Gray,M,15900
NI-BMGM,Men Gray ニット B M,トップス,Men,Gray,M,14500
TS-BMGM,Men Gray Tシャツ B M,トップス,Men,Gray,M,8700
PA-BMGM,Men Gray パンツ B M,ボトムス,Men,Gray,M,20000
CT-CMGM,Men Gray コート C M,アウター,Men,Gray,M,30800
JA-CMGM,Men Gray ジャケット C M,アウター,Men,Gray,M,20800
VE-CMGM,Men Gray ベスト C M,アウター,Men,Gray,M,16800
SW-CMGM,Men Gray セーター C M,トップス,Men,Gray,M,18400
NI-CMGM,Men Gray ニット C M,トップス,Men,Gray,M,12300
TS-CMGM,Men Gray Tシャツ C M,トップス,Men,Gray,M,7600
PA-CMGM,Men Gray パンツ C M,ボトムス,Men,Gray,M,14300
CT-AWGM,Women Gray コート A M,アウター,Women,Gray,M,41200
JA-AWGM,Women Gray ジャケット A M,アウター,Women,Gray,M,31900
VE-AWGM,Women Gray ベスト A M,アウター,Women,Gray,M,18900
SW-AWGM,Women Gray セーター A M,トップス,Women,Gray,M,17600
NI-AWGM,Women Gray ニット A M,トップス,Women,Gray,M,11000
TS-AWGM,Women Gray Tシャツ A M,トップス,Women,Gray,M,8900
PA-AWGM,Women Gray パンツ A M,ボトムス,Women,Gray,M,17600
SK-AWGM,Women Gray スカート A M,ボトムス,Women,Gray,M,18100
CT-BWGM,Women Gray コート B M,アウター,Women,Gray,M,35200
JA-BWGM,Women Gray ジャケット B M,アウター,Women,Gray,M,21000
VE-BWGM,Women Gray ベスト B M,アウター,Women,Gray,M,18900
SW-BWGM,Women Gray セーター B M,トップス,Women,Gray,M,15900
NI-BWGM,Women Gray ニット B M,トップス,Women,Gray,M,15100
TS-BWGM,Women Gray Tシャツ B M,トップス,Women,Gray,M,7600
PA-BWGM,Women Gray パンツ B M,ボトムス,Women,Gray,M,19800
SK-BWGM,Women Gray スカート B M,ボトムス,Women,Gray,M,14100
CT-CWGM,Women Gray コート C M,アウター,Women,Gray,M,31000
JA-CWGM,Women Gray ジャケット C M,アウター,Women,Gray,M,22100
VE-CWGM,Women Gray ベスト C M,アウター,Women,Gray,M,16800
SW-CWGM,Women Gray セーター C M,トップス,Women,Gray,M,18400
NI-CWGM,Women Gray ニット C M,トップス,Women,Gray,M,12400
TS-CWGM,Women Gray Tシャツ C M,トップス,Women,Gray,M,7600
PA-CWGM,Women Gray パンツ C M,ボトムス,Women,Gray,M,14300
CT-AKGM,Kids Gray コート A M,アウター,Kids,Gray,M,19800
JA-AKGM,Kids Gray ジャケット A M,アウター,Kids,Gray,M,17000
VE-AKGM,Kids Gray ベスト A M,アウター,Kids,Gray,M,14500
SW-AKGM,Kids Gray セーター A M,トップス,Kids,Gray,M,7600
NI-AKGM,Kids Gray ニット A M,トップス,Kids,Gray,M,8300
TS-AKGM,Kids Gray Tシャツ A M,トップス,Kids,Gray,M,4300
PA-AKGM,Kids Gray パンツ A M,ボトムス,Kids,Gray,M,7600
CT-AMGL,Men Gray コート A L,アウター,Men,Gray,L,39600
JA-AMGL,Men Gray ジャケット A L,アウター,Men,Gray,L,31900
VE-AMGL,Men Gray ベスト A L,アウター,Men,Gray,L,19800
SW-AMGL,Men Gray セーター A L,トップス,Men,Gray,L,16000
NI-AMGL,Men Gray ニット A L,トップス,Men,Gray,L,10000
TS-AMGL,Men Gray Tシャツ A L,トップス,Men,Gray,L,7900
PA-AMGL,Men Gray パンツ A L,ボトムス,Men,Gray,L,16500
CT-BMGL,Men Gray コート B L,アウター,Men,Gray,L,38900
JA-BMGL,Men Gray ジャケット B L,アウター,Men,Gray,L,19400
VE-BMGL,Men Gray ベスト B L,アウター,Men,Gray,L,18000
SW-BMGL,Men Gray セーター B L,トップス,Men,Gray,L,15900
NI-BMGL,Men Gray ニット B L,トップス,Men,Gray,L,14500
TS-BMGL,Men Gray Tシャツ B L,トップス,Men,Gray,L,8700
PA-BMGL,Men Gray パンツ B L,ボトムス,Men,Gray,L,20000
CT-CMGL,Men Gray コート C L,アウター,Men,Gray,L,30800
JA-CMGL,Men Gray ジャケット C L,アウター,Men,Gray,L,20800
VE-CMGL,Men Gray ベスト C L,アウター,Men,Gray,L,16800
SW-CMGL,Men Gray セーター C L,トップス,Men,Gray,L,18400
NI-CMGL,Men Gray ニット C L,トップス,Men,Gray,L,12300
TS-CMGL,Men Gray Tシャツ C L,トップス,Men,Gray,L,7600
PA-CMGL,Men Gray パンツ C L,ボトムス,Men,Gray,L,14300
CT-AWGL,Women Gray コート A L,アウター,Women,Gray,L,41200
JA-AWGL,Women Gray ジャケット A L,アウター,Women,Gray,L,31900
VE-AWGL,Women Gray ベスト A L,アウター,Women,Gray,L,18900
SW-AWGL,Women Gray セーター A L,トップス,Women,Gray,L,17600
NI-AWGL,Women Gray ニット A L,トップス,Women,Gray,L,11000
TS-AWGL,Women Gray Tシャツ A L,トップス,Women,Gray,L,8900
PA-AWGL,Women Gray パンツ A L,ボトムス,Women,Gray,L,17600
SK-AWGL,Women Gray スカート A L,ボトムス,Women,Gray,L,18100
CT-BWGL,Women Gray コート B L,アウター,Women,Gray,L,35200
JA-BWGL,Women Gray ジャケット B L,アウター,Women,Gray,L,21000
VE-BWGL,Women Gray ベスト B L,アウター,Women,Gray,L,18900
SW-BWGL,Women Gray セーター B L,トップス,Women,Gray,L,15900
NI-BWGL,Women Gray ニット B L,トップス,Women,Gray,L,15100
TS-BWGL,Women Gray Tシャツ B L,トップス,Women,Gray,L,7600
PA-BWGL,Women Gray パンツ B L,ボトムス,Women,Gray,L,19800
SK-BWGL,Women Gray スカート B L,ボトムス,Women,Gray,L,14100
CT-CWGL,Women Gray コート C L,アウター,Women,Gray,L,31000
JA-CWGL,Women Gray ジャケット C L,アウター,Women,Gray,L,22100
VE-CWGL,Women Gray ベスト C L,アウター,Women,Gray,L,16800
SW-CWGL,Women Gray セーター C L,トップス,Women,Gray,L,18400
NI-CWGL,Women Gray ニット C L,トップス,Women,Gray,L,12400
TS-CWGL,Women Gray Tシャツ C L,トップス,Women,Gray,L,7600
PA-CWGL,Women Gray パンツ C L,ボトムス,Women,Gray,L,14300
CT-AKGL,Kids Gray コート A L,アウター,Kids,Gray,L,19800
JA-AKGL,Kids Gray ジャケット A L,アウター,Kids,Gray,L,17000
VE-AKGL,Kids Gray ベスト A L,アウター,Kids,Gray,L,14500
SW-AKGL,Kids Gray セーター A L,トップス,Kids,Gray,L,7600
NI-AKGL,Kids Gray ニット A L,トップス,Kids,Gray,L,8300
TS-AKGL,Kids Gray Tシャツ A L,トップス,Kids,Gray,L,4300
PA-AKGL,Kids Gray パンツ A L,ボトムス,Kids,Gray,L,7600
